◇ injected env (46) from .env // tip: ◈ encrypted .env [www.dotenvx.com]
{"timestamp":"2026-08-08T06:17:31.839Z","level":"INFO","category":"general","message":"[ProviderMonitor]","event":"provider_monitor_initialized","provider":"animeheaven","at":"2026-08-08T06:17:31.838Z","methodsWrapped":["searchAnime","getAnimeDetails","getEpisodeList","resolveEpisode","resolvePlayer","extractStreams"]}
◇ injected env (0) from .env // tip: ◈ encrypted .env [www.dotenvx.com]
{"timestamp":"2026-08-08T06:17:32.370Z","level":"INFO","category":"general","message":"[ConsumetProvider] Available ANIME providers: Hianime, AnimePahe, AnimeKai, KickAssAnime, AnimeSaturn, AnimeUnity, AnimeSama"}
{"timestamp":"2026-08-08T06:17:32.371Z","level":"INFO","category":"general","message":"[ConsumetProvider] Registered: KickAssAnime"}
{"timestamp":"2026-08-08T06:17:32.371Z","level":"INFO","category":"general","message":"[ConsumetProvider] Registered: AnimeKai"}
{"timestamp":"2026-08-08T06:17:32.371Z","level":"INFO","category":"general","message":"[ConsumetProvider] Registered: AnimePahe"}
{"timestamp":"2026-08-08T06:17:32.372Z","level":"INFO","category":"general","message":"[ConsumetProvider] Registered: Hianime"}
{"timestamp":"2026-08-08T06:17:32.372Z","level":"INFO","category":"general","message":"[ConsumetProvider] Registered: AnimeSaturn"}
{"timestamp":"2026-08-08T06:17:32.373Z","level":"INFO","category":"general","message":"[ConsumetProvider] Registered: AnimeSama"}
{"timestamp":"2026-08-08T06:17:32.373Z","level":"INFO","category":"general","message":"[ConsumetProvider] Registered: AnimeUnity"}
{"timestamp":"2026-08-08T06:17:32.373Z","level":"INFO","category":"general","message":"[ConsumetProvider] Registry ready: KickAssAnime, AnimeKai, AnimePahe, Hianime, AnimeSaturn, AnimeSama, AnimeUnity"}
◇ injected env (0) from .env // tip: ◈ secrets for agents [www.dotenvx.com]
◇ injected env (0) from .env // tip: ⌘ custom filepath { path: '/custom/path/.env' }
{"timestamp":"2026-08-08T06:17:32.394Z","level":"INFO","category":"general","message":"[Consumet Microservice] Loaded META.Anilist"}
{"timestamp":"2026-08-08T06:17:32.394Z","level":"INFO","category":"general","message":"[Consumet Microservice] Using shared providerHttp layer for all HTTP traffic"}
{"timestamp":"2026-08-08T06:17:32.394Z","level":"INFO","category":"general","message":"[Consumet Microservice] Available ANIME providers: Hianime, AnimePahe, AnimeKai, KickAssAnime, AnimeSaturn, AnimeUnity, AnimeSama"}
{"timestamp":"2026-08-08T06:17:32.394Z","level":"INFO","category":"general","message":"[Consumet Microservice] Using provider: KickAssAnime"}
✅ Consumet microservice mounted at /consumet-api
==================================================
🚀 AniStrim2 running on port 5000
   Listening on: http://0.0.0.0:5000
==================================================
✅ MySQL connected to: anistrim_requirebut
🔑 Verifying default admin user...
✅ Admin user 'admin@anistrim.com' verified and password reset.
{"timestamp":"2026-08-08T06:19:09.498Z","level":"INFO","category":"stream","message":"get https://animeheaven.me","provider":"animeheaven","attempt":1,"status":"pending","proxy":true}
{"timestamp":"2026-08-08T06:19:09.500Z","level":"INFO","category":"general","message":"[streamingHttp] → GET https://animeheaven.me"}
{"timestamp":"2026-08-08T06:19:14.658Z","level":"INFO","category":"general","message":"[streamingHttp] ← 200 https://animeheaven.me (5158ms)"}
{"timestamp":"2026-08-08T06:19:14.659Z","level":"INFO","category":"stream","message":"✅ animeheaven resolved (5160ms)","provider":"animeheaven","attempt":1,"duration":5160,"status":200,"result":"success","timedOut":false,"cloudflareDetected":false}
{"timestamp":"2026-08-08T06:19:14.663Z","level":"INFO","category":"general","message":"[AnimeHeaven] Search started","query":"Naruto"}
{"timestamp":"2026-08-08T06:19:14.664Z","level":"INFO","category":"stream","message":"get https://animeheaven.me/fastsearch.php?xhr=1&s=Naruto","provider":"animeheaven","attempt":1,"status":"pending","proxy":true}
{"timestamp":"2026-08-08T06:19:14.664Z","level":"INFO","category":"general","message":"[streamingHttp] → GET https://animeheaven.me/fastsearch.php?xhr=1&s=Naruto"}
{"timestamp":"2026-08-08T06:19:18.842Z","level":"INFO","category":"general","message":"[streamingHttp] ← 200 https://animeheaven.me/fastsearch.php?xhr=1&s=Naruto (4178ms)"}
{"timestamp":"2026-08-08T06:19:18.844Z","level":"INFO","category":"stream","message":"✅ animeheaven resolved (4180ms)","provider":"animeheaven","attempt":1,"duration":4180,"status":200,"result":"success","timedOut":false,"cloudflareDetected":false}
{"timestamp":"2026-08-08T06:19:18.853Z","level":"INFO","category":"stream","message":"get https://animeheaven.me/search.php?s=Naruto","provider":"animeheaven","attempt":1,"status":"pending","proxy":true}
{"timestamp":"2026-08-08T06:19:18.853Z","level":"INFO","category":"general","message":"[streamingHttp] → GET https://animeheaven.me/search.php?s=Naruto"}
{"timestamp":"2026-08-08T06:19:22.259Z","level":"INFO","category":"general","message":"[streamingHttp] ← 200 https://animeheaven.me/search.php?s=Naruto (3406ms)"}
{"timestamp":"2026-08-08T06:19:22.260Z","level":"INFO","category":"stream","message":"✅ animeheaven resolved (3407ms)","provider":"animeheaven","attempt":1,"duration":3407,"status":200,"result":"success","timedOut":false,"cloudflareDetected":false}
{"timestamp":"2026-08-08T06:19:22.270Z","level":"INFO","category":"stream","message":"get https://animeheaven.me/?s=Naruto","provider":"animeheaven","attempt":1,"status":"pending","proxy":true}
{"timestamp":"2026-08-08T06:19:22.270Z","level":"INFO","category":"general","message":"[streamingHttp] → GET https://animeheaven.me/?s=Naruto"}
{"timestamp":"2026-08-08T06:19:28.895Z","level":"INFO","category":"general","message":"[streamingHttp] ← 200 https://animeheaven.me/?s=Naruto (6625ms)"}
{"timestamp":"2026-08-08T06:19:28.896Z","level":"INFO","category":"stream","message":"✅ animeheaven resolved (6626ms)","provider":"animeheaven","attempt":1,"duration":6626,"status":200,"result":"success","timedOut":false,"cloudflareDetected":false}
{"timestamp":"2026-08-08T06:19:29.022Z","level":"INFO","category":"stream","message":"get https://animeheaven.me/","provider":"animeheaven","attempt":1,"status":"pending","proxy":true}
{"timestamp":"2026-08-08T06:19:29.024Z","level":"INFO","category":"general","message":"[streamingHttp] → GET https://animeheaven.me/"}
{"timestamp":"2026-08-08T06:19:33.180Z","level":"INFO","category":"general","message":"[streamingHttp] ← 200 https://animeheaven.me/ (4156ms)"}
{"timestamp":"2026-08-08T06:19:33.181Z","level":"INFO","category":"stream","message":"✅ animeheaven resolved (4157ms)","provider":"animeheaven","attempt":1,"duration":4157,"status":200,"result":"success","timedOut":false,"cloudflareDetected":false}
{"timestamp":"2026-08-08T06:19:33.281Z","level":"INFO","category":"general","message":"[AnimeHeaven] Search success","query":"Naruto","count":8,"latencyMs":18618}
{"timestamp":"2026-08-08T06:19:33.281Z","level":"INFO","category":"general","message":"[ProviderMonitor]","event":"provider_request","provider":"animeheaven","at":"2026-08-08T06:19:33.281Z","method":"searchAnime","success":true,"latencyMs":18618,"activeRequests":3,"cacheCandidateSeenBefore":false,"cacheHitCount":0,"totalRequests":4}
{"timestamp":"2026-08-08T06:19:33.282Z","level":"INFO","category":"stream","message":"get https://animeheaven.me/anime.php?ukr6y","provider":"animeheaven","attempt":1,"status":"pending","proxy":true}
{"timestamp":"2026-08-08T06:19:33.282Z","level":"INFO","category":"general","message":"[streamingHttp] → GET https://animeheaven.me/anime.php?ukr6y"}
{"timestamp":"2026-08-08T06:19:37.216Z","level":"INFO","category":"general","message":"[streamingHttp] ← 200 https://animeheaven.me/anime.php?ukr6y (3934ms)"}
{"timestamp":"2026-08-08T06:19:37.217Z","level":"INFO","category":"stream","message":"✅ animeheaven resolved (3935ms)","provider":"animeheaven","attempt":1,"duration":3935,"status":200,"result":"success","timedOut":false,"cloudflareDetected":false}
{"timestamp":"2026-08-08T06:19:37.247Z","level":"INFO","category":"general","message":"[ProviderMonitor]","event":"provider_request","provider":"animeheaven","at":"2026-08-08T06:19:37.247Z","method":"getAnimeDetails","success":true,"latencyMs":3965,"activeRequests":3,"cacheCandidateSeenBefore":false,"cacheHitCount":0,"totalRequests":5}
{"timestamp":"2026-08-08T06:19:37.247Z","level":"INFO","category":"stream","message":"get https://animeheaven.me/gate.php","provider":"animeheaven","attempt":1,"status":"pending","proxy":true}
{"timestamp":"2026-08-08T06:19:37.247Z","level":"INFO","category":"general","message":"[streamingHttp] → GET https://animeheaven.me/gate.php"}
{"timestamp":"2026-08-08T06:19:43.977Z","level":"INFO","category":"general","message":"[streamingHttp] ← 200 https://animeheaven.me/gate.php (6730ms)"}
{"timestamp":"2026-08-08T06:19:43.978Z","level":"INFO","category":"stream","message":"✅ animeheaven resolved (6731ms)","provider":"animeheaven","attempt":1,"duration":6731,"status":200,"result":"success","timedOut":false,"cloudflareDetected":false}
{"timestamp":"2026-08-08T06:19:43.978Z","level":"INFO","category":"general","message":"[AnimeHeaven] Episode resolved","anime":"Naruto","episode":1,"hasHtml":true}
{"timestamp":"2026-08-08T06:19:43.978Z","level":"INFO","category":"general","message":"[ProviderMonitor]","event":"provider_request","provider":"animeheaven","at":"2026-08-08T06:19:43.978Z","method":"resolveEpisode","success":true,"latencyMs":34481,"activeRequests":2,"cacheCandidateSeenBefore":false,"cacheHitCount":0,"totalRequests":5}
{"timestamp":"2026-08-08T06:19:43.986Z","level":"INFO","category":"general","message":"[AnimeHeaven] Player resolved","episode":1,"sources":4}
{"timestamp":"2026-08-08T06:19:43.986Z","level":"INFO","category":"general","message":"[ProviderMonitor]","event":"provider_request","provider":"animeheaven","at":"2026-08-08T06:19:43.986Z","method":"resolvePlayer","success":true,"latencyMs":34489,"activeRequests":1,"cacheCandidateSeenBefore":false,"cacheHitCount":0,"totalRequests":5}
{"timestamp":"2026-08-08T06:19:43.991Z","level":"INFO","category":"stream","message":"get https://ck.animeheaven.me/subtitles.vtt?c5fe97dc4862635ffd63a5dc495a26f3&07d1d3ef2ed743df76ce2cf2f8d4ab87&error2","provider":"animeheaven","attempt":1,"status":"pending","proxy":true}
{"timestamp":"2026-08-08T06:19:43.991Z","level":"INFO","category":"general","message":"[streamingHttp] → GET https://ck.animeheaven.me/subtitles.vtt?c5fe97dc4862635ffd63a5dc495a26f3&07d1d3ef2ed743df76ce2cf2f8d4ab87&error2"}
{"timestamp":"2026-08-08T06:19:47.433Z","level":"INFO","category":"stream","message":"get https://ck.animeheaven.me/caption.vtt?c5fe97dc4862635ffd63a5dc495a26f3&07d1d3ef2ed743df76ce2cf2f8d4ab87&error2","provider":"animeheaven","attempt":1,"status":"pending","proxy":true}
{"timestamp":"2026-08-08T06:19:47.434Z","level":"INFO","category":"general","message":"[streamingHttp] → GET https://ck.animeheaven.me/caption.vtt?c5fe97dc4862635ffd63a5dc495a26f3&07d1d3ef2ed743df76ce2cf2f8d4ab87&error2"}
{"timestamp":"2026-08-08T06:19:50.838Z","level":"INFO","category":"stream","message":"get https://ck.animeheaven.me/subtitle.vtt?c5fe97dc4862635ffd63a5dc495a26f3&07d1d3ef2ed743df76ce2cf2f8d4ab87&error2","provider":"animeheaven","attempt":1,"status":"pending","proxy":true}
{"timestamp":"2026-08-08T06:19:50.838Z","level":"INFO","category":"general","message":"[streamingHttp] → GET https://ck.animeheaven.me/subtitle.vtt?c5fe97dc4862635ffd63a5dc495a26f3&07d1d3ef2ed743df76ce2cf2f8d4ab87&error2"}
{"timestamp":"2026-08-08T06:19:53.494Z","level":"INFO","category":"stream","message":"get https://ck.animeheaven.me/video.vtt?c5fe97dc4862635ffd63a5dc495a26f3&07d1d3ef2ed743df76ce2cf2f8d4ab87&error2","provider":"animeheaven","attempt":1,"status":"pending","proxy":true}
{"timestamp":"2026-08-08T06:19:53.494Z","level":"INFO","category":"general","message":"[streamingHttp] → GET https://ck.animeheaven.me/video.vtt?c5fe97dc4862635ffd63a5dc495a26f3&07d1d3ef2ed743df76ce2cf2f8d4ab87&error2"}
{"timestamp":"2026-08-08T06:19:56.565Z","level":"INFO","category":"stream","message":"get https://ck.animeheaven.me/subtitles.srt?c5fe97dc4862635ffd63a5dc495a26f3&07d1d3ef2ed743df76ce2cf2f8d4ab87&error2","provider":"animeheaven","attempt":1,"status":"pending","proxy":true}
{"timestamp":"2026-08-08T06:19:56.565Z","level":"INFO","category":"general","message":"[streamingHttp] → GET https://ck.animeheaven.me/subtitles.srt?c5fe97dc4862635ffd63a5dc495a26f3&07d1d3ef2ed743df76ce2cf2f8d4ab87&error2"}
{"timestamp":"2026-08-08T06:19:59.179Z","level":"INFO","category":"stream","message":"get https://ck.animeheaven.me/subtitle.srt?c5fe97dc4862635ffd63a5dc495a26f3&07d1d3ef2ed743df76ce2cf2f8d4ab87&error2","provider":"animeheaven","attempt":1,"status":"pending","proxy":true}
{"timestamp":"2026-08-08T06:19:59.179Z","level":"INFO","category":"general","message":"[streamingHttp] → GET https://ck.animeheaven.me/subtitle.srt?c5fe97dc4862635ffd63a5dc495a26f3&07d1d3ef2ed743df76ce2cf2f8d4ab87&error2"}
{"timestamp":"2026-08-08T06:20:03.407Z","level":"INFO","category":"stream","message":"get https://ck.animeheaven.me/subtitles/c5fe97dc4862635ffd63a5dc495a26f3.vtt","provider":"animeheaven","attempt":1,"status":"pending","proxy":true}
{"timestamp":"2026-08-08T06:20:03.407Z","level":"INFO","category":"general","message":"[streamingHttp] → GET https://ck.animeheaven.me/subtitles/c5fe97dc4862635ffd63a5dc495a26f3.vtt"}
{"timestamp":"2026-08-08T06:20:06.891Z","level":"INFO","category":"stream","message":"get https://ck.animeheaven.me/subtitle/c5fe97dc4862635ffd63a5dc495a26f3.vtt","provider":"animeheaven","attempt":1,"status":"pending","proxy":true}
{"timestamp":"2026-08-08T06:20:06.892Z","level":"INFO","category":"general","message":"[streamingHttp] → GET https://ck.animeheaven.me/subtitle/c5fe97dc4862635ffd63a5dc495a26f3.vtt"}
{"timestamp":"2026-08-08T06:20:09.653Z","level":"INFO","category":"stream","message":"get https://ck.animeheaven.me/captions/c5fe97dc4862635ffd63a5dc495a26f3.vtt","provider":"animeheaven","attempt":1,"status":"pending","proxy":true}
{"timestamp":"2026-08-08T06:20:09.654Z","level":"INFO","category":"general","message":"[streamingHttp] → GET https://ck.animeheaven.me/captions/c5fe97dc4862635ffd63a5dc495a26f3.vtt"}
{"timestamp":"2026-08-08T06:20:13.091Z","level":"INFO","category":"stream","message":"get https://ck.animeheaven.me/subtitles/c5fe97dc4862635ffd63a5dc495a26f3.srt","provider":"animeheaven","attempt":1,"status":"pending","proxy":true}
{"timestamp":"2026-08-08T06:20:13.091Z","level":"INFO","category":"general","message":"[streamingHttp] → GET https://ck.animeheaven.me/subtitles/c5fe97dc4862635ffd63a5dc495a26f3.srt"}
{"timestamp":"2026-08-08T06:20:16.237Z","level":"INFO","category":"stream","message":"get https://ck.animeheaven.me/subtitle/c5fe97dc4862635ffd63a5dc495a26f3.srt","provider":"animeheaven","attempt":1,"status":"pending","proxy":true}
{"timestamp":"2026-08-08T06:20:16.237Z","level":"INFO","category":"general","message":"[streamingHttp] → GET https://ck.animeheaven.me/subtitle/c5fe97dc4862635ffd63a5dc495a26f3.srt"}
{"timestamp":"2026-08-08T06:20:21.296Z","level":"INFO","category":"stream","message":"get https://ck.animeheaven.me/captions/c5fe97dc4862635ffd63a5dc495a26f3.srt","provider":"animeheaven","attempt":1,"status":"pending","proxy":true}
{"timestamp":"2026-08-08T06:20:21.296Z","level":"INFO","category":"general","message":"[streamingHttp] → GET https://ck.animeheaven.me/captions/c5fe97dc4862635ffd63a5dc495a26f3.srt"}
{"timestamp":"2026-08-08T06:20:27.269Z","level":"INFO","category":"stream","message":"get https://ct.animeheaven.me/subtitles.vtt?c5fe97dc4862635ffd63a5dc495a26f3&07d1d3ef2ed743df76ce2cf2f8d4ab87&error","provider":"animeheaven","attempt":1,"status":"pending","proxy":true}
{"timestamp":"2026-08-08T06:20:27.270Z","level":"INFO","category":"general","message":"[streamingHttp] → GET https://ct.animeheaven.me/subtitles.vtt?c5fe97dc4862635ffd63a5dc495a26f3&07d1d3ef2ed743df76ce2cf2f8d4ab87&error"}
{"timestamp":"2026-08-08T06:20:30.939Z","level":"INFO","category":"stream","message":"get https://ct.animeheaven.me/caption.vtt?c5fe97dc4862635ffd63a5dc495a26f3&07d1d3ef2ed743df76ce2cf2f8d4ab87&error","provider":"animeheaven","attempt":1,"status":"pending","proxy":true}
{"timestamp":"2026-08-08T06:20:30.940Z","level":"INFO","category":"general","message":"[streamingHttp] → GET https://ct.animeheaven.me/caption.vtt?c5fe97dc4862635ffd63a5dc495a26f3&07d1d3ef2ed743df76ce2cf2f8d4ab87&error"}
{"timestamp":"2026-08-08T06:20:35.599Z","level":"INFO","category":"stream","message":"get https://ct.animeheaven.me/subtitle.vtt?c5fe97dc4862635ffd63a5dc495a26f3&07d1d3ef2ed743df76ce2cf2f8d4ab87&error","provider":"animeheaven","attempt":1,"status":"pending","proxy":true}
{"timestamp":"2026-08-08T06:20:35.599Z","level":"INFO","category":"general","message":"[streamingHttp] → GET https://ct.animeheaven.me/subtitle.vtt?c5fe97dc4862635ffd63a5dc495a26f3&07d1d3ef2ed743df76ce2cf2f8d4ab87&error"}
{"timestamp":"2026-08-08T06:20:39.059Z","level":"INFO","category":"stream","message":"get https://ct.animeheaven.me/video.vtt?c5fe97dc4862635ffd63a5dc495a26f3&07d1d3ef2ed743df76ce2cf2f8d4ab87&error","provider":"animeheaven","attempt":1,"status":"pending","proxy":true}
{"timestamp":"2026-08-08T06:20:39.059Z","level":"INFO","category":"general","message":"[streamingHttp] → GET https://ct.animeheaven.me/video.vtt?c5fe97dc4862635ffd63a5dc495a26f3&07d1d3ef2ed743df76ce2cf2f8d4ab87&error"}
{"timestamp":"2026-08-08T06:20:43.646Z","level":"INFO","category":"stream","message":"get https://ct.animeheaven.me/subtitles.srt?c5fe97dc4862635ffd63a5dc495a26f3&07d1d3ef2ed743df76ce2cf2f8d4ab87&error","provider":"animeheaven","attempt":1,"status":"pending","proxy":true}
{"timestamp":"2026-08-08T06:20:43.646Z","level":"INFO","category":"general","message":"[streamingHttp] → GET https://ct.animeheaven.me/subtitles.srt?c5fe97dc4862635ffd63a5dc495a26f3&07d1d3ef2ed743df76ce2cf2f8d4ab87&error"}
{"timestamp":"2026-08-08T06:20:46.037Z","level":"INFO","category":"stream","message":"get https://ct.animeheaven.me/subtitle.srt?c5fe97dc4862635ffd63a5dc495a26f3&07d1d3ef2ed743df76ce2cf2f8d4ab87&error","provider":"animeheaven","attempt":1,"status":"pending","proxy":true}
{"timestamp":"2026-08-08T06:20:46.037Z","level":"INFO","category":"general","message":"[streamingHttp] → GET https://ct.animeheaven.me/subtitle.srt?c5fe97dc4862635ffd63a5dc495a26f3&07d1d3ef2ed743df76ce2cf2f8d4ab87&error"}
{"timestamp":"2026-08-08T06:20:48.986Z","level":"INFO","category":"stream","message":"get https://ct.animeheaven.me/subtitles/c5fe97dc4862635ffd63a5dc495a26f3.vtt","provider":"animeheaven","attempt":1,"status":"pending","proxy":true}
{"timestamp":"2026-08-08T06:20:48.986Z","level":"INFO","category":"general","message":"[streamingHttp] → GET https://ct.animeheaven.me/subtitles/c5fe97dc4862635ffd63a5dc495a26f3.vtt"}
{"timestamp":"2026-08-08T06:20:53.561Z","level":"INFO","category":"stream","message":"get https://ct.animeheaven.me/subtitle/c5fe97dc4862635ffd63a5dc495a26f3.vtt","provider":"animeheaven","attempt":1,"status":"pending","proxy":true}
{"timestamp":"2026-08-08T06:20:53.561Z","level":"INFO","category":"general","message":"[streamingHttp] → GET https://ct.animeheaven.me/subtitle/c5fe97dc4862635ffd63a5dc495a26f3.vtt"}
{"timestamp":"2026-08-08T06:20:56.028Z","level":"INFO","category":"stream","message":"get https://ct.animeheaven.me/captions/c5fe97dc4862635ffd63a5dc495a26f3.vtt","provider":"animeheaven","attempt":1,"status":"pending","proxy":true}
{"timestamp":"2026-08-08T06:20:56.028Z","level":"INFO","category":"general","message":"[streamingHttp] → GET https://ct.animeheaven.me/captions/c5fe97dc4862635ffd63a5dc495a26f3.vtt"}
{"timestamp":"2026-08-08T06:21:00.207Z","level":"INFO","category":"stream","message":"get https://ct.animeheaven.me/subtitles/c5fe97dc4862635ffd63a5dc495a26f3.srt","provider":"animeheaven","attempt":1,"status":"pending","proxy":true}
{"timestamp":"2026-08-08T06:21:00.208Z","level":"INFO","category":"general","message":"[streamingHttp] → GET https://ct.animeheaven.me/subtitles/c5fe97dc4862635ffd63a5dc495a26f3.srt"}
{"timestamp":"2026-08-08T06:21:03.206Z","level":"INFO","category":"stream","message":"get https://ct.animeheaven.me/subtitle/c5fe97dc4862635ffd63a5dc495a26f3.srt","provider":"animeheaven","attempt":1,"status":"pending","proxy":true}
{"timestamp":"2026-08-08T06:21:03.207Z","level":"INFO","category":"general","message":"[streamingHttp] → GET https://ct.animeheaven.me/subtitle/c5fe97dc4862635ffd63a5dc495a26f3.srt"}
{"timestamp":"2026-08-08T06:21:06.502Z","level":"INFO","category":"stream","message":"get https://ct.animeheaven.me/captions/c5fe97dc4862635ffd63a5dc495a26f3.srt","provider":"animeheaven","attempt":1,"status":"pending","proxy":true}
{"timestamp":"2026-08-08T06:21:06.502Z","level":"INFO","category":"general","message":"[streamingHttp] → GET https://ct.animeheaven.me/captions/c5fe97dc4862635ffd63a5dc495a26f3.srt"}
{"timestamp":"2026-08-08T06:21:09.880Z","level":"INFO","category":"general","message":"[AnimeHeaven] Stream extracted","title":"Naruto","episode":"1","sources":4}
{"timestamp":"2026-08-08T06:21:09.881Z","level":"INFO","category":"general","message":"[ProviderMonitor]","event":"provider_request","provider":"animeheaven","at":"2026-08-08T06:21:09.881Z","method":"extractStreams","success":true,"latencyMs":120385,"activeRequests":0,"cacheCandidateSeenBefore":false,"cacheHitCount":0,"totalRequests":5}
{"timestamp":"2026-08-08T06:21:09.881Z","level":"INFO","category":"stream","message":"✅ animeheaven | \"Naruto\" Ep 1 → success (120385ms)","provider":"animeheaven","anime":"Naruto","episode":"1","attempt":1,"result":"success","httpStatus":0,"timedOut":false,"cloudflareDetected":false,"searchSuccess":true,"streamSuccess":true,"sources":4,"startTime":"2026-08-08T06:19:09.496Z","endTime":"2026-08-08T06:21:09.881Z","latencyMs":120385}
{"timestamp":"2026-08-08T06:21:10.087Z","level":"INFO","category":"general","message":"[STREAM_CACHE] SAVE","episodeId":558,"provider":"animeheaven","ttlMin":8,"streamType":"direct"}
{"timestamp":"2026-08-08T06:21:10.089Z","level":"INFO","category":"stream","message":"✅ animeheaven resolved (122977ms)","provider":"animeheaven","result":"winner","duration":122977,"sources":4,"win":true,"winner":"animeheaven","totalDurationMs":122977}
{"timestamp":"2026-08-08T06:21:10.339Z","level":"INFO","category":"stream","message":"✅ animeheaven | \"Naruto\" Ep 1 → success (122977ms)","provider":"animeheaven","anime":"Naruto","episode":"1","result":"success","httpStatus":0,"timedOut":false,"cloudflareDetected":false,"searchSuccess":true,"streamSuccess":true,"sources":4,"bestQuality":"Download Episode 1","startTime":"2026-08-08T06:19:07.111Z","endTime":"2026-08-08T06:21:10.339Z","latencyMs":122977}
{"timestamp":"2026-08-08T06:21:10.340Z","level":"INFO","category":"stream","message":"✅ animeheaven | \"Naruto\" Ep 1 → success (124026ms)","provider":"animeheaven","animeTitle":"Naruto","episode":"1","startTime":"2026-08-08T06:19:06.314Z","endTime":"2026-08-08T06:21:10.340Z","latencyMs":124026,"result":"success","httpStatus":200,"timeoutStatus":false,"cloudflareDetected":false,"searchSuccess":true,"streamSuccess":true,"sourceCount":4,"bestQuality":"Download Episode 1","resolvedFrom":"direct"}
{"timestamp":"2026-08-08T06:23:01.391Z","level":"INFO","category":"stream","message":"get https://animeheaven.me/","provider":"animeheaven-proxy","attempt":1,"status":"pending","proxy":false}
{"timestamp":"2026-08-08T06:23:01.392Z","level":"INFO","category":"general","message":"[streamingHttp] → GET https://animeheaven.me/"}
{"timestamp":"2026-08-08T06:23:02.320Z","level":"INFO","category":"general","message":"[streamingHttp] ← 200 https://animeheaven.me/ (928ms)"}
{"timestamp":"2026-08-08T06:23:02.322Z","level":"INFO","category":"stream","message":"✅ animeheaven-proxy resolved (929ms)","provider":"animeheaven-proxy","attempt":1,"duration":929,"status":200,"result":"success","timedOut":false,"cloudflareDetected":false}
{"timestamp":"2026-08-08T06:23:02.323Z","level":"INFO","category":"stream","message":"✅ animeheaven-proxy → success (932ms)","provider":"animeheaven-proxy","result":"success","httpStatus":200,"streamType":"mp4","bytes":null,"latencyMs":932}
{"timestamp":"2026-08-08T06:25:01.157Z","level":"INFO","category":"stream","message":"✅ animeheaven | \"Naruto\" Ep 1 → success (253ms)","provider":"animeheaven","anime":"Naruto","episode":"1","result":"success","httpStatus":0,"timedOut":false,"cloudflareDetected":false,"searchSuccess":true,"streamSuccess":true,"sources":4,"bestQuality":"Download Episode 1","startTime":"2026-08-08T06:25:00.904Z","endTime":"2026-08-08T06:25:01.157Z","latencyMs":253}
{"timestamp":"2026-08-08T06:25:01.160Z","level":"INFO","category":"stream","message":"✅ animeheaven | \"Naruto\" Ep 1 → success (1067ms)","provider":"animeheaven","animeTitle":"Naruto","episode":"1","startTime":"2026-08-08T06:25:00.093Z","endTime":"2026-08-08T06:25:01.160Z","latencyMs":1067,"result":"success","httpStatus":200,"timeoutStatus":false,"cloudflareDetected":false,"searchSuccess":true,"streamSuccess":true,"sourceCount":4,"bestQuality":"Download Episode 1","resolvedFrom":"direct"}
{"timestamp":"2026-08-08T06:25:02.633Z","level":"INFO","category":"stream","message":"✅ animeheaven | \"Naruto\" Ep 1 → success (249ms)","provider":"animeheaven","anime":"Naruto","episode":"1","result":"success","httpStatus":0,"timedOut":false,"cloudflareDetected":false,"searchSuccess":true,"streamSuccess":true,"sources":4,"bestQuality":"Download Episode 1","startTime":"2026-08-08T06:25:02.384Z","endTime":"2026-08-08T06:25:02.633Z","latencyMs":249}
{"timestamp":"2026-08-08T06:25:02.635Z","level":"INFO","category":"stream","message":"✅ animeheaven | \"Naruto\" Ep 1 → success (1465ms)","provider":"animeheaven","animeTitle":"Naruto","episode":"1","startTime":"2026-08-08T06:25:01.170Z","endTime":"2026-08-08T06:25:02.635Z","latencyMs":1465,"result":"success","httpStatus":200,"timeoutStatus":false,"cloudflareDetected":false,"searchSuccess":true,"streamSuccess":true,"sourceCount":4,"bestQuality":"Download Episode 1","resolvedFrom":"direct"}
{"timestamp":"2026-08-08T06:25:03.980Z","level":"INFO","category":"stream","message":"✅ animeheaven | \"Naruto\" Ep 1 → success (247ms)","provider":"animeheaven","anime":"Naruto","episode":"1","result":"success","httpStatus":0,"timedOut":false,"cloudflareDetected":false,"searchSuccess":true,"streamSuccess":true,"sources":4,"bestQuality":"Download Episode 1","startTime":"2026-08-08T06:25:03.733Z","endTime":"2026-08-08T06:25:03.980Z","latencyMs":247}
{"timestamp":"2026-08-08T06:25:03.982Z","level":"INFO","category":"stream","message":"✅ animeheaven | \"Naruto\" Ep 1 → success (1037ms)","provider":"animeheaven","animeTitle":"Naruto","episode":"1","startTime":"2026-08-08T06:25:02.945Z","endTime":"2026-08-08T06:25:03.982Z","latencyMs":1037,"result":"success","httpStatus":200,"timeoutStatus":false,"cloudflareDetected":false,"searchSuccess":true,"streamSuccess":true,"sourceCount":4,"bestQuality":"Download Episode 1","resolvedFrom":"direct"}
{"timestamp":"2026-08-08T06:25:05.035Z","level":"INFO","category":"stream","message":"✅ animeheaven | \"Naruto\" Ep 1 → success (251ms)","provider":"animeheaven","anime":"Naruto","episode":"1","result":"success","httpStatus":0,"timedOut":false,"cloudflareDetected":false,"searchSuccess":true,"streamSuccess":true,"sources":4,"bestQuality":"Download Episode 1","startTime":"2026-08-08T06:25:04.784Z","endTime":"2026-08-08T06:25:05.035Z","latencyMs":251}
{"timestamp":"2026-08-08T06:25:05.036Z","level":"INFO","category":"stream","message":"✅ animeheaven | \"Naruto\" Ep 1 → success (1049ms)","provider":"animeheaven","animeTitle":"Naruto","episode":"1","startTime":"2026-08-08T06:25:03.987Z","endTime":"2026-08-08T06:25:05.036Z","latencyMs":1049,"result":"success","httpStatus":200,"timeoutStatus":false,"cloudflareDetected":false,"searchSuccess":true,"streamSuccess":true,"sourceCount":4,"bestQuality":"Download Episode 1","resolvedFrom":"direct"}
{"timestamp":"2026-08-08T06:25:06.089Z","level":"INFO","category":"stream","message":"✅ animeheaven | \"Naruto\" Ep 1 → success (249ms)","provider":"animeheaven","anime":"Naruto","episode":"1","result":"success","httpStatus":0,"timedOut":false,"cloudflareDetected":false,"searchSuccess":true,"streamSuccess":true,"sources":4,"bestQuality":"Download Episode 1","startTime":"2026-08-08T06:25:05.840Z","endTime":"2026-08-08T06:25:06.089Z","latencyMs":249}
{"timestamp":"2026-08-08T06:25:06.091Z","level":"INFO","category":"stream","message":"✅ animeheaven | \"Naruto\" Ep 1 → success (1051ms)","provider":"animeheaven","animeTitle":"Naruto","episode":"1","startTime":"2026-08-08T06:25:05.040Z","endTime":"2026-08-08T06:25:06.091Z","latencyMs":1051,"result":"success","httpStatus":200,"timeoutStatus":false,"cloudflareDetected":false,"searchSuccess":true,"streamSuccess":true,"sourceCount":4,"bestQuality":"Download Episode 1","resolvedFrom":"direct"}
{"timestamp":"2026-08-08T06:25:07.832Z","level":"INFO","category":"general","message":"[AnimeHeaven] Search started","query":"Naruto"}
{"timestamp":"2026-08-08T06:25:07.836Z","level":"INFO","category":"stream","message":"get https://animeheaven.me/fastsearch.php?xhr=1&s=Naruto","provider":"animeheaven","attempt":1,"status":"pending","proxy":true}
{"timestamp":"2026-08-08T06:25:07.838Z","level":"INFO","category":"general","message":"[streamingHttp] → GET https://animeheaven.me/fastsearch.php?xhr=1&s=Naruto"}
{"timestamp":"2026-08-08T06:25:08.231Z","level":"INFO","category":"general","message":"[AnimeHeaven] Search started","query":"Naruto"}
{"timestamp":"2026-08-08T06:25:08.231Z","level":"INFO","category":"stream","message":"get https://animeheaven.me/fastsearch.php?xhr=1&s=Naruto","provider":"animeheaven","attempt":1,"status":"pending","proxy":true}
{"timestamp":"2026-08-08T06:25:08.232Z","level":"INFO","category":"general","message":"[streamingHttp] → GET https://animeheaven.me/fastsearch.php?xhr=1&s=Naruto"}
{"timestamp":"2026-08-08T06:25:08.424Z","level":"INFO","category":"general","message":"[AnimeHeaven] Search started","query":"Naruto"}
{"timestamp":"2026-08-08T06:25:08.426Z","level":"INFO","category":"stream","message":"get https://animeheaven.me/fastsearch.php?xhr=1&s=Naruto","provider":"animeheaven","attempt":1,"status":"pending","proxy":true}
{"timestamp":"2026-08-08T06:25:08.427Z","level":"INFO","category":"general","message":"[streamingHttp] → GET https://animeheaven.me/fastsearch.php?xhr=1&s=Naruto"}
{"timestamp":"2026-08-08T06:25:11.427Z","level":"INFO","category":"general","message":"[streamingHttp] ← 200 https://animeheaven.me/fastsearch.php?xhr=1&s=Naruto (3195ms)"}
{"timestamp":"2026-08-08T06:25:11.428Z","level":"INFO","category":"stream","message":"✅ animeheaven resolved (3196ms)","provider":"animeheaven","attempt":1,"duration":3196,"status":200,"result":"success","timedOut":false,"cloudflareDetected":false}
{"timestamp":"2026-08-08T06:25:11.441Z","level":"INFO","category":"stream","message":"get https://animeheaven.me/search.php?s=Naruto","provider":"animeheaven","attempt":1,"status":"pending","proxy":true}
{"timestamp":"2026-08-08T06:25:11.443Z","level":"INFO","category":"general","message":"[streamingHttp] → GET https://animeheaven.me/search.php?s=Naruto"}
{"timestamp":"2026-08-08T06:25:12.320Z","level":"INFO","category":"general","message":"[streamingHttp] ← 200 https://animeheaven.me/fastsearch.php?xhr=1&s=Naruto (3893ms)"}
{"timestamp":"2026-08-08T06:25:12.322Z","level":"INFO","category":"stream","message":"✅ animeheaven resolved (3894ms)","provider":"animeheaven","attempt":1,"duration":3894,"status":200,"result":"success","timedOut":false,"cloudflareDetected":false}
{"timestamp":"2026-08-08T06:25:12.329Z","level":"INFO","category":"stream","message":"get https://animeheaven.me/search.php?s=Naruto","provider":"animeheaven","attempt":1,"status":"pending","proxy":true}
{"timestamp":"2026-08-08T06:25:12.330Z","level":"INFO","category":"general","message":"[streamingHttp] → GET https://animeheaven.me/search.php?s=Naruto"}
{"timestamp":"2026-08-08T06:25:15.410Z","level":"INFO","category":"general","message":"[streamingHttp] ← 200 https://animeheaven.me/fastsearch.php?xhr=1&s=Naruto (7572ms)"}
{"timestamp":"2026-08-08T06:25:15.412Z","level":"INFO","category":"stream","message":"✅ animeheaven resolved (7575ms)","provider":"animeheaven","attempt":1,"duration":7575,"status":200,"result":"success","timedOut":false,"cloudflareDetected":false}
{"timestamp":"2026-08-08T06:25:15.420Z","level":"INFO","category":"stream","message":"get https://animeheaven.me/search.php?s=Naruto","provider":"animeheaven","attempt":1,"status":"pending","proxy":true}
{"timestamp":"2026-08-08T06:25:15.421Z","level":"INFO","category":"general","message":"[streamingHttp] → GET https://animeheaven.me/search.php?s=Naruto"}
{"timestamp":"2026-08-08T06:25:15.472Z","level":"INFO","category":"general","message":"[streamingHttp] ← 200 https://animeheaven.me/search.php?s=Naruto (3142ms)"}
{"timestamp":"2026-08-08T06:25:15.473Z","level":"INFO","category":"stream","message":"✅ animeheaven resolved (3143ms)","provider":"animeheaven","attempt":1,"duration":3143,"status":200,"result":"success","timedOut":false,"cloudflareDetected":false}
{"timestamp":"2026-08-08T06:25:15.496Z","level":"INFO","category":"stream","message":"get https://animeheaven.me/?s=Naruto","provider":"animeheaven","attempt":1,"status":"pending","proxy":true}
{"timestamp":"2026-08-08T06:25:15.497Z","level":"INFO","category":"general","message":"[streamingHttp] → GET https://animeheaven.me/?s=Naruto"}
{"timestamp":"2026-08-08T06:25:17.832Z","level":"INFO","category":"general","message":"[streamingHttp] ← 200 https://animeheaven.me/search.php?s=Naruto (6389ms)"}
{"timestamp":"2026-08-08T06:25:17.835Z","level":"INFO","category":"stream","message":"✅ animeheaven resolved (6392ms)","provider":"animeheaven","attempt":1,"duration":6392,"status":200,"result":"success","timedOut":false,"cloudflareDetected":false}
{"timestamp":"2026-08-08T06:25:17.850Z","level":"INFO","category":"stream","message":"get https://animeheaven.me/?s=Naruto","provider":"animeheaven","attempt":1,"status":"pending","proxy":true}
{"timestamp":"2026-08-08T06:25:17.850Z","level":"INFO","category":"general","message":"[streamingHttp] → GET https://animeheaven.me/?s=Naruto"}
{"timestamp":"2026-08-08T06:25:18.161Z","level":"INFO","category":"general","message":"[streamingHttp] ← 200 https://animeheaven.me/search.php?s=Naruto (2740ms)"}
{"timestamp":"2026-08-08T06:25:18.163Z","level":"INFO","category":"stream","message":"✅ animeheaven resolved (2742ms)","provider":"animeheaven","attempt":1,"duration":2742,"status":200,"result":"success","timedOut":false,"cloudflareDetected":false}
{"timestamp":"2026-08-08T06:25:18.183Z","level":"INFO","category":"stream","message":"get https://animeheaven.me/?s=Naruto","provider":"animeheaven","attempt":1,"status":"pending","proxy":true}
{"timestamp":"2026-08-08T06:25:18.184Z","level":"INFO","category":"general","message":"[streamingHttp] → GET https://animeheaven.me/?s=Naruto"}
{"timestamp":"2026-08-08T06:25:18.433Z","level":"INFO","category":"general","message":"[streamingHttp] ← 200 https://animeheaven.me/?s=Naruto (2936ms)"}
{"timestamp":"2026-08-08T06:25:18.435Z","level":"INFO","category":"stream","message":"✅ animeheaven resolved (2939ms)","provider":"animeheaven","attempt":1,"duration":2939,"status":200,"result":"success","timedOut":false,"cloudflareDetected":false}
{"timestamp":"2026-08-08T06:25:18.702Z","level":"INFO","category":"stream","message":"get https://animeheaven.me/","provider":"animeheaven","attempt":1,"status":"pending","proxy":true}
{"timestamp":"2026-08-08T06:25:18.704Z","level":"INFO","category":"general","message":"[streamingHttp] → GET https://animeheaven.me/"}
{"timestamp":"2026-08-08T06:25:21.637Z","level":"INFO","category":"general","message":"[streamingHttp] ← 200 https://animeheaven.me/?s=Naruto (3787ms)"}
{"timestamp":"2026-08-08T06:25:21.639Z","level":"INFO","category":"stream","message":"✅ animeheaven resolved (3789ms)","provider":"animeheaven","attempt":1,"duration":3789,"status":200,"result":"success","timedOut":false,"cloudflareDetected":false}
{"timestamp":"2026-08-08T06:25:21.871Z","level":"INFO","category":"stream","message":"get https://animeheaven.me/","provider":"animeheaven","attempt":1,"status":"pending","proxy":true}
{"timestamp":"2026-08-08T06:25:21.872Z","level":"INFO","category":"general","message":"[streamingHttp] → GET https://animeheaven.me/"}
{"timestamp":"2026-08-08T06:25:22.344Z","level":"INFO","category":"general","message":"[streamingHttp] ← 200 https://animeheaven.me/?s=Naruto (4160ms)"}
{"timestamp":"2026-08-08T06:25:22.345Z","level":"INFO","category":"stream","message":"✅ animeheaven resolved (4161ms)","provider":"animeheaven","attempt":1,"duration":4161,"status":200,"result":"success","timedOut":false,"cloudflareDetected":false}
{"timestamp":"2026-08-08T06:25:22.564Z","level":"INFO","category":"stream","message":"get https://animeheaven.me/","provider":"animeheaven","attempt":1,"status":"pending","proxy":true}
{"timestamp":"2026-08-08T06:25:22.565Z","level":"INFO","category":"general","message":"[streamingHttp] → GET https://animeheaven.me/"}
{"timestamp":"2026-08-08T06:25:22.575Z","level":"INFO","category":"general","message":"[streamingHttp] ← 200 https://animeheaven.me/ (3871ms)"}
{"timestamp":"2026-08-08T06:25:22.576Z","level":"INFO","category":"stream","message":"✅ animeheaven resolved (3872ms)","provider":"animeheaven","attempt":1,"duration":3872,"status":200,"result":"success","timedOut":false,"cloudflareDetected":false}
{"timestamp":"2026-08-08T06:25:22.810Z","level":"INFO","category":"general","message":"[AnimeHeaven] Search success","query":"Naruto","count":8,"latencyMs":14383}
{"timestamp":"2026-08-08T06:25:22.810Z","level":"INFO","category":"general","message":"[ProviderMonitor]","event":"provider_request","provider":"animeheaven","at":"2026-08-08T06:25:22.810Z","method":"searchAnime","success":true,"latencyMs":14386,"activeRequests":11,"cacheCandidateSeenBefore":false,"cacheHitCount":0,"totalRequests":17}
{"timestamp":"2026-08-08T06:25:22.811Z","level":"INFO","category":"stream","message":"get https://animeheaven.me/anime.php?ukr6y","provider":"animeheaven","attempt":1,"status":"pending","proxy":true}
{"timestamp":"2026-08-08T06:25:22.811Z","level":"INFO","category":"general","message":"[streamingHttp] → GET https://animeheaven.me/anime.php?ukr6y"}
{"timestamp":"2026-08-08T06:25:22.836Z","level":"INFO","category":"stream","message":"✅ animeheaven | \"Naruto\" Ep 2 → failure (15251ms): stream pipeline timed out","provider":"animeheaven","anime":"Naruto","episode":"2","result":"failure","failureReason":"stream pipeline timed out","httpStatus":0,"timedOut":false,"cloudflareDetected":false,"startTime":"2026-08-08T06:25:07.584Z","endTime":"2026-08-08T06:25:22.835Z","latencyMs":15251}
{"timestamp":"2026-08-08T06:25:23.243Z","level":"INFO","category":"stream","message":"✅ animeheaven | \"Naruto\" Ep 2 → failure (15253ms): stream pipeline timed out","provider":"animeheaven","anime":"Naruto","episode":"2","result":"failure","failureReason":"stream pipeline timed out","httpStatus":0,"timedOut":false,"cloudflareDetected":false,"startTime":"2026-08-08T06:25:07.986Z","endTime":"2026-08-08T06:25:23.243Z","latencyMs":15253}
{"timestamp":"2026-08-08T06:25:24.743Z","level":"INFO","category":"general","message":"[streamingHttp] ← 200 https://animeheaven.me/ (2871ms)"}
{"timestamp":"2026-08-08T06:25:24.745Z","level":"INFO","category":"stream","message":"✅ animeheaven resolved (2873ms)","provider":"animeheaven","attempt":1,"duration":2873,"status":200,"result":"success","timedOut":false,"cloudflareDetected":false}
{"timestamp":"2026-08-08T06:25:24.963Z","level":"INFO","category":"general","message":"[AnimeHeaven] Search success","query":"Naruto","count":8,"latencyMs":16732}
{"timestamp":"2026-08-08T06:25:24.964Z","level":"INFO","category":"general","message":"[ProviderMonitor]","event":"provider_request","provider":"animeheaven","at":"2026-08-08T06:25:24.964Z","method":"searchAnime","success":true,"latencyMs":16733,"activeRequests":11,"cacheCandidateSeenBefore":false,"cacheHitCount":0,"totalRequests":18}
{"timestamp":"2026-08-08T06:25:24.964Z","level":"INFO","category":"stream","message":"get https://animeheaven.me/anime.php?ukr6y","provider":"animeheaven","attempt":1,"status":"pending","proxy":true}
{"timestamp":"2026-08-08T06:25:24.965Z","level":"INFO","category":"general","message":"[streamingHttp] → GET https://animeheaven.me/anime.php?ukr6y"}
{"timestamp":"2026-08-08T06:25:25.824Z","level":"INFO","category":"general","message":"[streamingHttp] ← 200 https://animeheaven.me/anime.php?ukr6y (3013ms)"}
{"timestamp":"2026-08-08T06:25:25.827Z","level":"INFO","category":"stream","message":"✅ animeheaven resolved (3016ms)","provider":"animeheaven","attempt":1,"duration":3016,"status":200,"result":"success","timedOut":false,"cloudflareDetected":false}
{"timestamp":"2026-08-08T06:25:25.880Z","level":"INFO","category":"general","message":"[ProviderMonitor]","event":"provider_request","provider":"animeheaven","at":"2026-08-08T06:25:25.880Z","method":"getAnimeDetails","success":true,"latencyMs":3069,"activeRequests":11,"cacheCandidateSeenBefore":true,"cacheHitCount":0,"totalRequests":19}
{"timestamp":"2026-08-08T06:25:25.880Z","level":"INFO","category":"stream","message":"get https://animeheaven.me/gate.php","provider":"animeheaven","attempt":1,"status":"pending","proxy":true}
{"timestamp":"2026-08-08T06:25:25.881Z","level":"INFO","category":"general","message":"[streamingHttp] → GET https://animeheaven.me/gate.php"}
{"timestamp":"2026-08-08T06:25:26.082Z","level":"INFO","category":"general","message":"[streamingHttp] ← 200 https://animeheaven.me/ (3517ms)"}
{"timestamp":"2026-08-08T06:25:26.084Z","level":"INFO","category":"stream","message":"✅ animeheaven resolved (3519ms)","provider":"animeheaven","attempt":1,"duration":3519,"status":200,"result":"success","timedOut":false,"cloudflareDetected":false}
{"timestamp":"2026-08-08T06:25:26.345Z","level":"INFO","category":"general","message":"[AnimeHeaven] Search success","query":"Naruto","count":8,"latencyMs":18512}
{"timestamp":"2026-08-08T06:25:26.347Z","level":"INFO","category":"general","message":"[ProviderMonitor]","event":"provider_request","provider":"animeheaven","at":"2026-08-08T06:25:26.347Z","method":"searchAnime","success":true,"latencyMs":18515,"activeRequests":10,"cacheCandidateSeenBefore":false,"cacheHitCount":0,"totalRequests":19}
{"timestamp":"2026-08-08T06:25:26.384Z","level":"INFO","category":"general","message":"[ProviderMonitor]","event":"provider_request","provider":"animeheaven","at":"2026-08-08T06:25:26.384Z","method":"getAnimeDetails","success":true,"latencyMs":37,"activeRequests":10,"cacheCandidateSeenBefore":true,"cacheHitCount":1,"totalRequests":20}
{"timestamp":"2026-08-08T06:25:26.384Z","level":"INFO","category":"stream","message":"get https://animeheaven.me/gate.php","provider":"animeheaven","attempt":1,"status":"pending","proxy":true}
{"timestamp":"2026-08-08T06:25:26.385Z","level":"INFO","category":"general","message":"[streamingHttp] → GET https://animeheaven.me/gate.php"}
{"timestamp":"2026-08-08T06:25:28.571Z","level":"INFO","category":"general","message":"[streamingHttp] ← 200 https://animeheaven.me/anime.php?ukr6y (3605ms)"}
{"timestamp":"2026-08-08T06:25:28.572Z","level":"INFO","category":"stream","message":"✅ animeheaven resolved (3608ms)","provider":"animeheaven","attempt":1,"duration":3608,"status":200,"result":"success","timedOut":false,"cloudflareDetected":false}
{"timestamp":"2026-08-08T06:25:28.611Z","level":"INFO","category":"general","message":"[ProviderMonitor]","event":"provider_request","provider":"animeheaven","at":"2026-08-08T06:25:28.611Z","method":"getAnimeDetails","success":true,"latencyMs":3647,"activeRequests":9,"cacheCandidateSeenBefore":true,"cacheHitCount":1,"totalRequests":20}
{"timestamp":"2026-08-08T06:25:28.612Z","level":"INFO","category":"stream","message":"get https://animeheaven.me/gate.php","provider":"animeheaven","attempt":1,"status":"pending","proxy":true}
{"timestamp":"2026-08-08T06:25:28.612Z","level":"INFO","category":"general","message":"[streamingHttp] → GET https://animeheaven.me/gate.php"}
{"timestamp":"2026-08-08T06:25:28.943Z","level":"INFO","category":"general","message":"[streamingHttp] ← 200 https://animeheaven.me/gate.php (3062ms)"}
{"timestamp":"2026-08-08T06:25:28.945Z","level":"INFO","category":"stream","message":"✅ animeheaven resolved (3064ms)","provider":"animeheaven","attempt":1,"duration":3064,"status":200,"result":"success","timedOut":false,"cloudflareDetected":false}
{"timestamp":"2026-08-08T06:25:28.946Z","level":"INFO","category":"general","message":"[AnimeHeaven] Episode resolved","anime":"Naruto","episode":2,"hasHtml":true}
{"timestamp":"2026-08-08T06:25:28.947Z","level":"INFO","category":"general","message":"[ProviderMonitor]","event":"provider_request","provider":"animeheaven","at":"2026-08-08T06:25:28.947Z","method":"resolveEpisode","success":true,"latencyMs":20523,"activeRequests":8,"cacheCandidateSeenBefore":false,"cacheHitCount":1,"totalRequests":20}
{"timestamp":"2026-08-08T06:25:28.961Z","level":"INFO","category":"general","message":"[AnimeHeaven] Player resolved","episode":2,"sources":4}
{"timestamp":"2026-08-08T06:25:28.961Z","level":"INFO","category":"general","message":"[ProviderMonitor]","event":"provider_request","provider":"animeheaven","at":"2026-08-08T06:25:28.961Z","method":"resolvePlayer","success":true,"latencyMs":20537,"activeRequests":7,"cacheCandidateSeenBefore":false,"cacheHitCount":1,"totalRequests":20}
{"timestamp":"2026-08-08T06:25:28.970Z","level":"INFO","category":"stream","message":"get https://ck.animeheaven.me/subtitles.vtt?54faffacd5961ff777ae0489bef65a65&bf360d159340bebd317c4adfbdb0cf03&error2","provider":"animeheaven","attempt":1,"status":"pending","proxy":true}
{"timestamp":"2026-08-08T06:25:28.970Z","level":"INFO","category":"general","message":"[streamingHttp] → GET https://ck.animeheaven.me/subtitles.vtt?54faffacd5961ff777ae0489bef65a65&bf360d159340bebd317c4adfbdb0cf03&error2"}
{"timestamp":"2026-08-08T06:25:30.430Z","level":"INFO","category":"general","message":"[streamingHttp] ← 200 https://animeheaven.me/gate.php (4045ms)"}
{"timestamp":"2026-08-08T06:25:30.431Z","level":"INFO","category":"stream","message":"✅ animeheaven resolved (4046ms)","provider":"animeheaven","attempt":1,"duration":4046,"status":200,"result":"success","timedOut":false,"cloudflareDetected":false}
{"timestamp":"2026-08-08T06:25:30.433Z","level":"INFO","category":"general","message":"[AnimeHeaven] Episode resolved","anime":"Naruto","episode":2,"hasHtml":true}
{"timestamp":"2026-08-08T06:25:30.434Z","level":"INFO","category":"general","message":"[ProviderMonitor]","event":"provider_request","provider":"animeheaven","at":"2026-08-08T06:25:30.434Z","method":"resolveEpisode","success":true,"latencyMs":22603,"activeRequests":6,"cacheCandidateSeenBefore":false,"cacheHitCount":1,"totalRequests":20}
{"timestamp":"2026-08-08T06:25:30.448Z","level":"INFO","category":"general","message":"[AnimeHeaven] Player resolved","episode":2,"sources":4}
{"timestamp":"2026-08-08T06:25:30.450Z","level":"INFO","category":"general","message":"[ProviderMonitor]","event":"provider_request","provider":"animeheaven","at":"2026-08-08T06:25:30.450Z","method":"resolvePlayer","success":true,"latencyMs":22618,"activeRequests":5,"cacheCandidateSeenBefore":false,"cacheHitCount":1,"totalRequests":20}
{"timestamp":"2026-08-08T06:25:30.461Z","level":"INFO","category":"stream","message":"get https://ck.animeheaven.me/subtitles.vtt?54faffacd5961ff777ae0489bef65a65&56a1b1cf3c83f6c2055b57a2299f1ebf&error2","provider":"animeheaven","attempt":1,"status":"pending","proxy":true}
{"timestamp":"2026-08-08T06:25:30.462Z","level":"INFO","category":"general","message":"[streamingHttp] → GET https://ck.animeheaven.me/subtitles.vtt?54faffacd5961ff777ae0489bef65a65&56a1b1cf3c83f6c2055b57a2299f1ebf&error2"}
{"timestamp":"2026-08-08T06:25:32.043Z","level":"INFO","category":"general","message":"[streamingHttp] ← 200 https://animeheaven.me/gate.php (3431ms)"}
{"timestamp":"2026-08-08T06:25:32.044Z","level":"INFO","category":"stream","message":"✅ animeheaven resolved (3432ms)","provider":"animeheaven","attempt":1,"duration":3432,"status":200,"result":"success","timedOut":false,"cloudflareDetected":false}
{"timestamp":"2026-08-08T06:25:32.046Z","level":"INFO","category":"general","message":"[AnimeHeaven] Episode resolved","anime":"Naruto","episode":2,"hasHtml":true}
{"timestamp":"2026-08-08T06:25:32.047Z","level":"INFO","category":"general","message":"[ProviderMonitor]","event":"provider_request","provider":"animeheaven","at":"2026-08-08T06:25:32.047Z","method":"resolveEpisode","success":true,"latencyMs":23817,"activeRequests":4,"cacheCandidateSeenBefore":false,"cacheHitCount":1,"totalRequests":20}
{"timestamp":"2026-08-08T06:25:32.055Z","level":"INFO","category":"general","message":"[AnimeHeaven] Player resolved","episode":2,"sources":4}
{"timestamp":"2026-08-08T06:25:32.057Z","level":"INFO","category":"general","message":"[ProviderMonitor]","event":"provider_request","provider":"animeheaven","at":"2026-08-08T06:25:32.057Z","method":"resolvePlayer","success":true,"latencyMs":23827,"activeRequests":3,"cacheCandidateSeenBefore":false,"cacheHitCount":1,"totalRequests":20}
{"timestamp":"2026-08-08T06:25:32.061Z","level":"INFO","category":"stream","message":"get https://ck.animeheaven.me/subtitles.vtt?54faffacd5961ff777ae0489bef65a65&e474d9b14983b733d7c014bfe2025f96&error2","provider":"animeheaven","attempt":1,"status":"pending","proxy":true}
{"timestamp":"2026-08-08T06:25:32.062Z","level":"INFO","category":"general","message":"[streamingHttp] → GET https://ck.animeheaven.me/subtitles.vtt?54faffacd5961ff777ae0489bef65a65&e474d9b14983b733d7c014bfe2025f96&error2"}
{"timestamp":"2026-08-08T06:25:32.453Z","level":"INFO","category":"stream","message":"get https://ck.animeheaven.me/caption.vtt?54faffacd5961ff777ae0489bef65a65&bf360d159340bebd317c4adfbdb0cf03&error2","provider":"animeheaven","attempt":1,"status":"pending","proxy":true}
{"timestamp":"2026-08-08T06:25:32.454Z","level":"INFO","category":"general","message":"[streamingHttp] → GET https://ck.animeheaven.me/caption.vtt?54faffacd5961ff777ae0489bef65a65&bf360d159340bebd317c4adfbdb0cf03&error2"}
{"timestamp":"2026-08-08T06:25:33.739Z","level":"INFO","category":"stream","message":"get https://ck.animeheaven.me/caption.vtt?54faffacd5961ff777ae0489bef65a65&56a1b1cf3c83f6c2055b57a2299f1ebf&error2","provider":"animeheaven","attempt":1,"status":"pending","proxy":true}
{"timestamp":"2026-08-08T06:25:33.741Z","level":"INFO","category":"general","message":"[streamingHttp] → GET https://ck.animeheaven.me/caption.vtt?54faffacd5961ff777ae0489bef65a65&56a1b1cf3c83f6c2055b57a2299f1ebf&error2"}
{"timestamp":"2026-08-08T06:25:35.205Z","level":"INFO","category":"stream","message":"get https://ck.animeheaven.me/caption.vtt?54faffacd5961ff777ae0489bef65a65&e474d9b14983b733d7c014bfe2025f96&error2","provider":"animeheaven","attempt":1,"status":"pending","proxy":true}
{"timestamp":"2026-08-08T06:25:35.205Z","level":"INFO","category":"general","message":"[streamingHttp] → GET https://ck.animeheaven.me/caption.vtt?54faffacd5961ff777ae0489bef65a65&e474d9b14983b733d7c014bfe2025f96&error2"}
{"timestamp":"2026-08-08T06:25:36.687Z","level":"INFO","category":"stream","message":"get https://ck.animeheaven.me/subtitle.vtt?54faffacd5961ff777ae0489bef65a65&56a1b1cf3c83f6c2055b57a2299f1ebf&error2","provider":"animeheaven","attempt":1,"status":"pending","proxy":true}
{"timestamp":"2026-08-08T06:25:36.687Z","level":"INFO","category":"general","message":"[streamingHttp] → GET https://ck.animeheaven.me/subtitle.vtt?54faffacd5961ff777ae0489bef65a65&56a1b1cf3c83f6c2055b57a2299f1ebf&error2"}
{"timestamp":"2026-08-08T06:25:38.264Z","level":"INFO","category":"stream","message":"get https://ck.animeheaven.me/subtitle.vtt?54faffacd5961ff777ae0489bef65a65&bf360d159340bebd317c4adfbdb0cf03&error2","provider":"animeheaven","attempt":1,"status":"pending","proxy":true}
{"timestamp":"2026-08-08T06:25:38.265Z","level":"INFO","category":"general","message":"[streamingHttp] → GET https://ck.animeheaven.me/subtitle.vtt?54faffacd5961ff777ae0489bef65a65&bf360d159340bebd317c4adfbdb0cf03&error2"}
{"timestamp":"2026-08-08T06:25:38.710Z","level":"INFO","category":"stream","message":"get https://ck.animeheaven.me/subtitle.vtt?54faffacd5961ff777ae0489bef65a65&e474d9b14983b733d7c014bfe2025f96&error2","provider":"animeheaven","attempt":1,"status":"pending","proxy":true}
{"timestamp":"2026-08-08T06:25:38.711Z","level":"INFO","category":"general","message":"[streamingHttp] → GET https://ck.animeheaven.me/subtitle.vtt?54faffacd5961ff777ae0489bef65a65&e474d9b14983b733d7c014bfe2025f96&error2"}
{"timestamp":"2026-08-08T06:25:39.344Z","level":"INFO","category":"stream","message":"get https://ck.animeheaven.me/video.vtt?54faffacd5961ff777ae0489bef65a65&56a1b1cf3c83f6c2055b57a2299f1ebf&error2","provider":"animeheaven","attempt":1,"status":"pending","proxy":true}
{"timestamp":"2026-08-08T06:25:39.346Z","level":"INFO","category":"general","message":"[streamingHttp] → GET https://ck.animeheaven.me/video.vtt?54faffacd5961ff777ae0489bef65a65&56a1b1cf3c83f6c2055b57a2299f1ebf&error2"}
{"timestamp":"2026-08-08T06:25:41.209Z","level":"INFO","category":"stream","message":"get https://ck.animeheaven.me/video.vtt?54faffacd5961ff777ae0489bef65a65&bf360d159340bebd317c4adfbdb0cf03&error2","provider":"animeheaven","attempt":1,"status":"pending","proxy":true}
{"timestamp":"2026-08-08T06:25:41.210Z","level":"INFO","category":"general","message":"[streamingHttp] → GET https://ck.animeheaven.me/video.vtt?54faffacd5961ff777ae0489bef65a65&bf360d159340bebd317c4adfbdb0cf03&error2"}
{"timestamp":"2026-08-08T06:25:42.287Z","level":"INFO","category":"stream","message":"get https://ck.animeheaven.me/subtitles.srt?54faffacd5961ff777ae0489bef65a65&56a1b1cf3c83f6c2055b57a2299f1ebf&error2","provider":"animeheaven","attempt":1,"status":"pending","proxy":true}
{"timestamp":"2026-08-08T06:25:42.289Z","level":"INFO","category":"general","message":"[streamingHttp] → GET https://ck.animeheaven.me/subtitles.srt?54faffacd5961ff777ae0489bef65a65&56a1b1cf3c83f6c2055b57a2299f1ebf&error2"}
{"timestamp":"2026-08-08T06:25:44.851Z","level":"INFO","category":"stream","message":"get https://ck.animeheaven.me/subtitles.srt?54faffacd5961ff777ae0489bef65a65&bf360d159340bebd317c4adfbdb0cf03&error2","provider":"animeheaven","attempt":1,"status":"pending","proxy":true}
{"timestamp":"2026-08-08T06:25:44.853Z","level":"INFO","category":"general","message":"[streamingHttp] → GET https://ck.animeheaven.me/subtitles.srt?54faffacd5961ff777ae0489bef65a65&bf360d159340bebd317c4adfbdb0cf03&error2"}
{"timestamp":"2026-08-08T06:25:45.164Z","level":"INFO","category":"stream","message":"get https://ck.animeheaven.me/video.vtt?54faffacd5961ff777ae0489bef65a65&e474d9b14983b733d7c014bfe2025f96&error2","provider":"animeheaven","attempt":1,"status":"pending","proxy":true}
{"timestamp":"2026-08-08T06:25:45.165Z","level":"INFO","category":"general","message":"[streamingHttp] → GET https://ck.animeheaven.me/video.vtt?54faffacd5961ff777ae0489bef65a65&e474d9b14983b733d7c014bfe2025f96&error2"}
{"timestamp":"2026-08-08T06:25:46.712Z","level":"INFO","category":"stream","message":"get https://ck.animeheaven.me/subtitle.srt?54faffacd5961ff777ae0489bef65a65&56a1b1cf3c83f6c2055b57a2299f1ebf&error2","provider":"animeheaven","attempt":1,"status":"pending","proxy":true}
{"timestamp":"2026-08-08T06:25:46.714Z","level":"INFO","category":"general","message":"[streamingHttp] → GET https://ck.animeheaven.me/subtitle.srt?54faffacd5961ff777ae0489bef65a65&56a1b1cf3c83f6c2055b57a2299f1ebf&error2"}
{"timestamp":"2026-08-08T06:25:47.870Z","level":"INFO","category":"stream","message":"get https://ck.animeheaven.me/subtitles.srt?54faffacd5961ff777ae0489bef65a65&e474d9b14983b733d7c014bfe2025f96&error2","provider":"animeheaven","attempt":1,"status":"pending","proxy":true}
{"timestamp":"2026-08-08T06:25:47.872Z","level":"INFO","category":"general","message":"[streamingHttp] → GET https://ck.animeheaven.me/subtitles.srt?54faffacd5961ff777ae0489bef65a65&e474d9b14983b733d7c014bfe2025f96&error2"}
{"timestamp":"2026-08-08T06:25:48.028Z","level":"INFO","category":"stream","message":"get https://ck.animeheaven.me/subtitle.srt?54faffacd5961ff777ae0489bef65a65&bf360d159340bebd317c4adfbdb0cf03&error2","provider":"animeheaven","attempt":1,"status":"pending","proxy":true}
{"timestamp":"2026-08-08T06:25:48.029Z","level":"INFO","category":"general","message":"[streamingHttp] → GET https://ck.animeheaven.me/subtitle.srt?54faffacd5961ff777ae0489bef65a65&bf360d159340bebd317c4adfbdb0cf03&error2"}
{"timestamp":"2026-08-08T06:25:50.969Z","level":"INFO","category":"stream","message":"get https://ck.animeheaven.me/subtitle.srt?54faffacd5961ff777ae0489bef65a65&e474d9b14983b733d7c014bfe2025f96&error2","provider":"animeheaven","attempt":1,"status":"pending","proxy":true}
{"timestamp":"2026-08-08T06:25:50.970Z","level":"INFO","category":"general","message":"[streamingHttp] → GET https://ck.animeheaven.me/subtitle.srt?54faffacd5961ff777ae0489bef65a65&e474d9b14983b733d7c014bfe2025f96&error2"}
{"timestamp":"2026-08-08T06:25:51.024Z","level":"INFO","category":"stream","message":"get https://ck.animeheaven.me/subtitles/54faffacd5961ff777ae0489bef65a65.vtt","provider":"animeheaven","attempt":1,"status":"pending","proxy":true}
{"timestamp":"2026-08-08T06:25:51.024Z","level":"INFO","category":"general","message":"[streamingHttp] → GET https://ck.animeheaven.me/subtitles/54faffacd5961ff777ae0489bef65a65.vtt"}
{"timestamp":"2026-08-08T06:25:51.468Z","level":"INFO","category":"stream","message":"get https://ck.animeheaven.me/subtitles/54faffacd5961ff777ae0489bef65a65.vtt","provider":"animeheaven","attempt":1,"status":"pending","proxy":true}
{"timestamp":"2026-08-08T06:25:51.468Z","level":"INFO","category":"general","message":"[streamingHttp] → GET https://ck.animeheaven.me/subtitles/54faffacd5961ff777ae0489bef65a65.vtt"}
{"timestamp":"2026-08-08T06:25:53.733Z","level":"INFO","category":"stream","message":"get https://ck.animeheaven.me/subtitles/54faffacd5961ff777ae0489bef65a65.vtt","provider":"animeheaven","attempt":1,"status":"pending","proxy":true}
{"timestamp":"2026-08-08T06:25:53.733Z","level":"INFO","category":"general","message":"[streamingHttp] → GET https://ck.animeheaven.me/subtitles/54faffacd5961ff777ae0489bef65a65.vtt"}
{"timestamp":"2026-08-08T06:25:53.964Z","level":"INFO","category":"stream","message":"get https://ck.animeheaven.me/subtitle/54faffacd5961ff777ae0489bef65a65.vtt","provider":"animeheaven","attempt":1,"status":"pending","proxy":true}
{"timestamp":"2026-08-08T06:25:53.965Z","level":"INFO","category":"general","message":"[streamingHttp] → GET https://ck.animeheaven.me/subtitle/54faffacd5961ff777ae0489bef65a65.vtt"}
{"timestamp":"2026-08-08T06:25:54.187Z","level":"INFO","category":"stream","message":"get https://ck.animeheaven.me/subtitle/54faffacd5961ff777ae0489bef65a65.vtt","provider":"animeheaven","attempt":1,"status":"pending","proxy":true}
{"timestamp":"2026-08-08T06:25:54.188Z","level":"INFO","category":"general","message":"[streamingHttp] → GET https://ck.animeheaven.me/subtitle/54faffacd5961ff777ae0489bef65a65.vtt"}
{"timestamp":"2026-08-08T06:25:57.084Z","level":"INFO","category":"stream","message":"get https://ck.animeheaven.me/captions/54faffacd5961ff777ae0489bef65a65.vtt","provider":"animeheaven","attempt":1,"status":"pending","proxy":true}
{"timestamp":"2026-08-08T06:25:57.085Z","level":"INFO","category":"general","message":"[streamingHttp] → GET https://ck.animeheaven.me/captions/54faffacd5961ff777ae0489bef65a65.vtt"}
{"timestamp":"2026-08-08T06:25:57.759Z","level":"INFO","category":"stream","message":"get https://ck.animeheaven.me/captions/54faffacd5961ff777ae0489bef65a65.vtt","provider":"animeheaven","attempt":1,"status":"pending","proxy":true}
{"timestamp":"2026-08-08T06:25:57.760Z","level":"INFO","category":"general","message":"[streamingHttp] → GET https://ck.animeheaven.me/captions/54faffacd5961ff777ae0489bef65a65.vtt"}
{"timestamp":"2026-08-08T06:25:58.342Z","level":"INFO","category":"stream","message":"get https://ck.animeheaven.me/subtitle/54faffacd5961ff777ae0489bef65a65.vtt","provider":"animeheaven","attempt":1,"status":"pending","proxy":true}
{"timestamp":"2026-08-08T06:25:58.343Z","level":"INFO","category":"general","message":"[streamingHttp] → GET https://ck.animeheaven.me/subtitle/54faffacd5961ff777ae0489bef65a65.vtt"}
{"timestamp":"2026-08-08T06:25:59.971Z","level":"INFO","category":"stream","message":"get https://ck.animeheaven.me/subtitles/54faffacd5961ff777ae0489bef65a65.srt","provider":"animeheaven","attempt":1,"status":"pending","proxy":true}
{"timestamp":"2026-08-08T06:25:59.972Z","level":"INFO","category":"general","message":"[streamingHttp] → GET https://ck.animeheaven.me/subtitles/54faffacd5961ff777ae0489bef65a65.srt"}
{"timestamp":"2026-08-08T06:26:02.300Z","level":"INFO","category":"stream","message":"get https://ck.animeheaven.me/subtitle/54faffacd5961ff777ae0489bef65a65.srt","provider":"animeheaven","attempt":1,"status":"pending","proxy":true}
{"timestamp":"2026-08-08T06:26:02.301Z","level":"INFO","category":"general","message":"[streamingHttp] → GET https://ck.animeheaven.me/subtitle/54faffacd5961ff777ae0489bef65a65.srt"}
{"timestamp":"2026-08-08T06:26:02.837Z","level":"INFO","category":"stream","message":"get https://ck.animeheaven.me/subtitles/54faffacd5961ff777ae0489bef65a65.srt","provider":"animeheaven","attempt":1,"status":"pending","proxy":true}
{"timestamp":"2026-08-08T06:26:02.838Z","level":"INFO","category":"general","message":"[streamingHttp] → GET https://ck.animeheaven.me/subtitles/54faffacd5961ff777ae0489bef65a65.srt"}
{"timestamp":"2026-08-08T06:26:05.710Z","level":"INFO","category":"stream","message":"get https://ck.animeheaven.me/captions/54faffacd5961ff777ae0489bef65a65.vtt","provider":"animeheaven","attempt":1,"status":"pending","proxy":true}
{"timestamp":"2026-08-08T06:26:05.711Z","level":"INFO","category":"general","message":"[streamingHttp] → GET https://ck.animeheaven.me/captions/54faffacd5961ff777ae0489bef65a65.vtt"}
{"timestamp":"2026-08-08T06:26:05.811Z","level":"INFO","category":"stream","message":"get https://ck.animeheaven.me/captions/54faffacd5961ff777ae0489bef65a65.srt","provider":"animeheaven","attempt":1,"status":"pending","proxy":true}
{"timestamp":"2026-08-08T06:26:05.812Z","level":"INFO","category":"general","message":"[streamingHttp] → GET https://ck.animeheaven.me/captions/54faffacd5961ff777ae0489bef65a65.srt"}
{"timestamp":"2026-08-08T06:26:07.685Z","level":"INFO","category":"stream","message":"get https://ck.animeheaven.me/subtitle/54faffacd5961ff777ae0489bef65a65.srt","provider":"animeheaven","attempt":1,"status":"pending","proxy":true}
{"timestamp":"2026-08-08T06:26:07.685Z","level":"INFO","category":"general","message":"[streamingHttp] → GET https://ck.animeheaven.me/subtitle/54faffacd5961ff777ae0489bef65a65.srt"}
{"timestamp":"2026-08-08T06:26:08.364Z","level":"INFO","category":"stream","message":"get https://ck.animeheaven.me/subtitles/54faffacd5961ff777ae0489bef65a65.srt","provider":"animeheaven","attempt":1,"status":"pending","proxy":true}
{"timestamp":"2026-08-08T06:26:08.365Z","level":"INFO","category":"general","message":"[streamingHttp] → GET https://ck.animeheaven.me/subtitles/54faffacd5961ff777ae0489bef65a65.srt"}
{"timestamp":"2026-08-08T06:26:08.715Z","level":"INFO","category":"stream","message":"get https://co.animeheaven.me/subtitles.vtt?54faffacd5961ff777ae0489bef65a65&56a1b1cf3c83f6c2055b57a2299f1ebf","provider":"animeheaven","attempt":1,"status":"pending","proxy":true}
{"timestamp":"2026-08-08T06:26:08.715Z","level":"INFO","category":"general","message":"[streamingHttp] → GET https://co.animeheaven.me/subtitles.vtt?54faffacd5961ff777ae0489bef65a65&56a1b1cf3c83f6c2055b57a2299f1ebf"}
{"timestamp":"2026-08-08T06:26:11.362Z","level":"INFO","category":"stream","message":"get https://co.animeheaven.me/caption.vtt?54faffacd5961ff777ae0489bef65a65&56a1b1cf3c83f6c2055b57a2299f1ebf","provider":"animeheaven","attempt":1,"status":"pending","proxy":true}
{"timestamp":"2026-08-08T06:26:11.362Z","level":"INFO","category":"general","message":"[streamingHttp] → GET https://co.animeheaven.me/caption.vtt?54faffacd5961ff777ae0489bef65a65&56a1b1cf3c83f6c2055b57a2299f1ebf"}
{"timestamp":"2026-08-08T06:26:11.718Z","level":"INFO","category":"stream","message":"get https://ck.animeheaven.me/captions/54faffacd5961ff777ae0489bef65a65.srt","provider":"animeheaven","attempt":1,"status":"pending","proxy":true}
{"timestamp":"2026-08-08T06:26:11.719Z","level":"INFO","category":"general","message":"[streamingHttp] → GET https://ck.animeheaven.me/captions/54faffacd5961ff777ae0489bef65a65.srt"}
{"timestamp":"2026-08-08T06:26:12.276Z","level":"INFO","category":"stream","message":"get https://ck.animeheaven.me/subtitle/54faffacd5961ff777ae0489bef65a65.srt","provider":"animeheaven","attempt":1,"status":"pending","proxy":true}
{"timestamp":"2026-08-08T06:26:12.277Z","level":"INFO","category":"general","message":"[streamingHttp] → GET https://ck.animeheaven.me/subtitle/54faffacd5961ff777ae0489bef65a65.srt"}
{"timestamp":"2026-08-08T06:26:14.150Z","level":"INFO","category":"stream","message":"get https://co.animeheaven.me/subtitles.vtt?54faffacd5961ff777ae0489bef65a65&bf360d159340bebd317c4adfbdb0cf03","provider":"animeheaven","attempt":1,"status":"pending","proxy":true}
{"timestamp":"2026-08-08T06:26:14.150Z","level":"INFO","category":"general","message":"[streamingHttp] → GET https://co.animeheaven.me/subtitles.vtt?54faffacd5961ff777ae0489bef65a65&bf360d159340bebd317c4adfbdb0cf03"}
{"timestamp":"2026-08-08T06:26:15.526Z","level":"INFO","category":"stream","message":"get https://ck.animeheaven.me/captions/54faffacd5961ff777ae0489bef65a65.srt","provider":"animeheaven","attempt":1,"status":"pending","proxy":true}
{"timestamp":"2026-08-08T06:26:15.527Z","level":"INFO","category":"general","message":"[streamingHttp] → GET https://ck.animeheaven.me/captions/54faffacd5961ff777ae0489bef65a65.srt"}
{"timestamp":"2026-08-08T06:26:17.047Z","level":"INFO","category":"stream","message":"get https://co.animeheaven.me/subtitle.vtt?54faffacd5961ff777ae0489bef65a65&56a1b1cf3c83f6c2055b57a2299f1ebf","provider":"animeheaven","attempt":1,"status":"pending","proxy":true}
{"timestamp":"2026-08-08T06:26:17.048Z","level":"INFO","category":"general","message":"[streamingHttp] → GET https://co.animeheaven.me/subtitle.vtt?54faffacd5961ff777ae0489bef65a65&56a1b1cf3c83f6c2055b57a2299f1ebf"}
{"timestamp":"2026-08-08T06:26:17.251Z","level":"INFO","category":"stream","message":"get https://co.animeheaven.me/caption.vtt?54faffacd5961ff777ae0489bef65a65&bf360d159340bebd317c4adfbdb0cf03","provider":"animeheaven","attempt":1,"status":"pending","proxy":true}
{"timestamp":"2026-08-08T06:26:17.251Z","level":"INFO","category":"general","message":"[streamingHttp] → GET https://co.animeheaven.me/caption.vtt?54faffacd5961ff777ae0489bef65a65&bf360d159340bebd317c4adfbdb0cf03"}
{"timestamp":"2026-08-08T06:26:18.278Z","level":"INFO","category":"stream","message":"get https://ct.animeheaven.me/subtitles.vtt?54faffacd5961ff777ae0489bef65a65&e474d9b14983b733d7c014bfe2025f96&error","provider":"animeheaven","attempt":1,"status":"pending","proxy":true}
{"timestamp":"2026-08-08T06:26:18.280Z","level":"INFO","category":"general","message":"[streamingHttp] → GET https://ct.animeheaven.me/subtitles.vtt?54faffacd5961ff777ae0489bef65a65&e474d9b14983b733d7c014bfe2025f96&error"}
{"timestamp":"2026-08-08T06:26:20.469Z","level":"INFO","category":"stream","message":"get https://co.animeheaven.me/subtitle.vtt?54faffacd5961ff777ae0489bef65a65&bf360d159340bebd317c4adfbdb0cf03","provider":"animeheaven","attempt":1,"status":"pending","proxy":true}
{"timestamp":"2026-08-08T06:26:20.470Z","level":"INFO","category":"general","message":"[streamingHttp] → GET https://co.animeheaven.me/subtitle.vtt?54faffacd5961ff777ae0489bef65a65&bf360d159340bebd317c4adfbdb0cf03"}
{"timestamp":"2026-08-08T06:26:21.034Z","level":"INFO","category":"stream","message":"get https://co.animeheaven.me/video.vtt?54faffacd5961ff777ae0489bef65a65&56a1b1cf3c83f6c2055b57a2299f1ebf","provider":"animeheaven","attempt":1,"status":"pending","proxy":true}
{"timestamp":"2026-08-08T06:26:21.035Z","level":"INFO","category":"general","message":"[streamingHttp] → GET https://co.animeheaven.me/video.vtt?54faffacd5961ff777ae0489bef65a65&56a1b1cf3c83f6c2055b57a2299f1ebf"}
{"timestamp":"2026-08-08T06:26:21.403Z","level":"INFO","category":"stream","message":"get https://ct.animeheaven.me/caption.vtt?54faffacd5961ff777ae0489bef65a65&e474d9b14983b733d7c014bfe2025f96&error","provider":"animeheaven","attempt":1,"status":"pending","proxy":true}
{"timestamp":"2026-08-08T06:26:21.405Z","level":"INFO","category":"general","message":"[streamingHttp] → GET https://ct.animeheaven.me/caption.vtt?54faffacd5961ff777ae0489bef65a65&e474d9b14983b733d7c014bfe2025f96&error"}
{"timestamp":"2026-08-08T06:26:23.509Z","level":"INFO","category":"stream","message":"get https://co.animeheaven.me/video.vtt?54faffacd5961ff777ae0489bef65a65&bf360d159340bebd317c4adfbdb0cf03","provider":"animeheaven","attempt":1,"status":"pending","proxy":true}
{"timestamp":"2026-08-08T06:26:23.510Z","level":"INFO","category":"general","message":"[streamingHttp] → GET https://co.animeheaven.me/video.vtt?54faffacd5961ff777ae0489bef65a65&bf360d159340bebd317c4adfbdb0cf03"}
{"timestamp":"2026-08-08T06:26:23.670Z","level":"INFO","category":"stream","message":"get https://co.animeheaven.me/subtitles.srt?54faffacd5961ff777ae0489bef65a65&56a1b1cf3c83f6c2055b57a2299f1ebf","provider":"animeheaven","attempt":1,"status":"pending","proxy":true}
{"timestamp":"2026-08-08T06:26:23.671Z","level":"INFO","category":"general","message":"[streamingHttp] → GET https://co.animeheaven.me/subtitles.srt?54faffacd5961ff777ae0489bef65a65&56a1b1cf3c83f6c2055b57a2299f1ebf"}
{"timestamp":"2026-08-08T06:26:24.993Z","level":"INFO","category":"stream","message":"get https://ct.animeheaven.me/subtitle.vtt?54faffacd5961ff777ae0489bef65a65&e474d9b14983b733d7c014bfe2025f96&error","provider":"animeheaven","attempt":1,"status":"pending","proxy":true}
{"timestamp":"2026-08-08T06:26:24.995Z","level":"INFO","category":"general","message":"[streamingHttp] → GET https://ct.animeheaven.me/subtitle.vtt?54faffacd5961ff777ae0489bef65a65&e474d9b14983b733d7c014bfe2025f96&error"}
{"timestamp":"2026-08-08T06:26:26.314Z","level":"INFO","category":"stream","message":"get https://co.animeheaven.me/subtitles.srt?54faffacd5961ff777ae0489bef65a65&bf360d159340bebd317c4adfbdb0cf03","provider":"animeheaven","attempt":1,"status":"pending","proxy":true}
{"timestamp":"2026-08-08T06:26:26.315Z","level":"INFO","category":"general","message":"[streamingHttp] → GET https://co.animeheaven.me/subtitles.srt?54faffacd5961ff777ae0489bef65a65&bf360d159340bebd317c4adfbdb0cf03"}
{"timestamp":"2026-08-08T06:26:26.947Z","level":"INFO","category":"stream","message":"get https://co.animeheaven.me/subtitle.srt?54faffacd5961ff777ae0489bef65a65&56a1b1cf3c83f6c2055b57a2299f1ebf","provider":"animeheaven","attempt":1,"status":"pending","proxy":true}
{"timestamp":"2026-08-08T06:26:26.948Z","level":"INFO","category":"general","message":"[streamingHttp] → GET https://co.animeheaven.me/subtitle.srt?54faffacd5961ff777ae0489bef65a65&56a1b1cf3c83f6c2055b57a2299f1ebf"}
{"timestamp":"2026-08-08T06:26:28.212Z","level":"INFO","category":"stream","message":"get https://ct.animeheaven.me/video.vtt?54faffacd5961ff777ae0489bef65a65&e474d9b14983b733d7c014bfe2025f96&error","provider":"animeheaven","attempt":1,"status":"pending","proxy":true}
{"timestamp":"2026-08-08T06:26:28.213Z","level":"INFO","category":"general","message":"[streamingHttp] → GET https://ct.animeheaven.me/video.vtt?54faffacd5961ff777ae0489bef65a65&e474d9b14983b733d7c014bfe2025f96&error"}
{"timestamp":"2026-08-08T06:26:30.005Z","level":"INFO","category":"stream","message":"get https://co.animeheaven.me/subtitle.srt?54faffacd5961ff777ae0489bef65a65&bf360d159340bebd317c4adfbdb0cf03","provider":"animeheaven","attempt":1,"status":"pending","proxy":true}
{"timestamp":"2026-08-08T06:26:30.005Z","level":"INFO","category":"general","message":"[streamingHttp] → GET https://co.animeheaven.me/subtitle.srt?54faffacd5961ff777ae0489bef65a65&bf360d159340bebd317c4adfbdb0cf03"}
{"timestamp":"2026-08-08T06:26:30.047Z","level":"INFO","category":"stream","message":"get https://co.animeheaven.me/subtitles/54faffacd5961ff777ae0489bef65a65.vtt","provider":"animeheaven","attempt":1,"status":"pending","proxy":true}
{"timestamp":"2026-08-08T06:26:30.049Z","level":"INFO","category":"general","message":"[streamingHttp] → GET https://co.animeheaven.me/subtitles/54faffacd5961ff777ae0489bef65a65.vtt"}
{"timestamp":"2026-08-08T06:26:31.330Z","level":"INFO","category":"stream","message":"get https://ct.animeheaven.me/subtitles.srt?54faffacd5961ff777ae0489bef65a65&e474d9b14983b733d7c014bfe2025f96&error","provider":"animeheaven","attempt":1,"status":"pending","proxy":true}
{"timestamp":"2026-08-08T06:26:31.331Z","level":"INFO","category":"general","message":"[streamingHttp] → GET https://ct.animeheaven.me/subtitles.srt?54faffacd5961ff777ae0489bef65a65&e474d9b14983b733d7c014bfe2025f96&error"}
{"timestamp":"2026-08-08T06:26:33.084Z","level":"INFO","category":"stream","message":"get https://co.animeheaven.me/subtitle/54faffacd5961ff777ae0489bef65a65.vtt","provider":"animeheaven","attempt":1,"status":"pending","proxy":true}
{"timestamp":"2026-08-08T06:26:33.085Z","level":"INFO","category":"general","message":"[streamingHttp] → GET https://co.animeheaven.me/subtitle/54faffacd5961ff777ae0489bef65a65.vtt"}
{"timestamp":"2026-08-08T06:26:33.160Z","level":"INFO","category":"stream","message":"get https://co.animeheaven.me/subtitles/54faffacd5961ff777ae0489bef65a65.vtt","provider":"animeheaven","attempt":1,"status":"pending","proxy":true}
{"timestamp":"2026-08-08T06:26:33.161Z","level":"INFO","category":"general","message":"[streamingHttp] → GET https://co.animeheaven.me/subtitles/54faffacd5961ff777ae0489bef65a65.vtt"}
{"timestamp":"2026-08-08T06:26:34.049Z","level":"INFO","category":"stream","message":"get https://ct.animeheaven.me/subtitle.srt?54faffacd5961ff777ae0489bef65a65&e474d9b14983b733d7c014bfe2025f96&error","provider":"animeheaven","attempt":1,"status":"pending","proxy":true}
{"timestamp":"2026-08-08T06:26:34.050Z","level":"INFO","category":"general","message":"[streamingHttp] → GET https://ct.animeheaven.me/subtitle.srt?54faffacd5961ff777ae0489bef65a65&e474d9b14983b733d7c014bfe2025f96&error"}
{"timestamp":"2026-08-08T06:26:36.269Z","level":"INFO","category":"stream","message":"get https://co.animeheaven.me/subtitle/54faffacd5961ff777ae0489bef65a65.vtt","provider":"animeheaven","attempt":1,"status":"pending","proxy":true}
{"timestamp":"2026-08-08T06:26:36.270Z","level":"INFO","category":"general","message":"[streamingHttp] → GET https://co.animeheaven.me/subtitle/54faffacd5961ff777ae0489bef65a65.vtt"}
{"timestamp":"2026-08-08T06:26:36.281Z","level":"INFO","category":"stream","message":"get https://co.animeheaven.me/captions/54faffacd5961ff777ae0489bef65a65.vtt","provider":"animeheaven","attempt":1,"status":"pending","proxy":true}
{"timestamp":"2026-08-08T06:26:36.282Z","level":"INFO","category":"general","message":"[streamingHttp] → GET https://co.animeheaven.me/captions/54faffacd5961ff777ae0489bef65a65.vtt"}
{"timestamp":"2026-08-08T06:26:38.221Z","level":"INFO","category":"stream","message":"get https://ct.animeheaven.me/subtitles/54faffacd5961ff777ae0489bef65a65.vtt","provider":"animeheaven","attempt":1,"status":"pending","proxy":true}
{"timestamp":"2026-08-08T06:26:38.223Z","level":"INFO","category":"general","message":"[streamingHttp] → GET https://ct.animeheaven.me/subtitles/54faffacd5961ff777ae0489bef65a65.vtt"}
{"timestamp":"2026-08-08T06:26:40.028Z","level":"INFO","category":"stream","message":"get https://co.animeheaven.me/subtitles/54faffacd5961ff777ae0489bef65a65.srt","provider":"animeheaven","attempt":1,"status":"pending","proxy":true}
{"timestamp":"2026-08-08T06:26:40.029Z","level":"INFO","category":"general","message":"[streamingHttp] → GET https://co.animeheaven.me/subtitles/54faffacd5961ff777ae0489bef65a65.srt"}
{"timestamp":"2026-08-08T06:26:40.197Z","level":"INFO","category":"stream","message":"get https://co.animeheaven.me/captions/54faffacd5961ff777ae0489bef65a65.vtt","provider":"animeheaven","attempt":1,"status":"pending","proxy":true}
{"timestamp":"2026-08-08T06:26:40.198Z","level":"INFO","category":"general","message":"[streamingHttp] → GET https://co.animeheaven.me/captions/54faffacd5961ff777ae0489bef65a65.vtt"}
{"timestamp":"2026-08-08T06:26:41.778Z","level":"INFO","category":"stream","message":"get https://ct.animeheaven.me/subtitle/54faffacd5961ff777ae0489bef65a65.vtt","provider":"animeheaven","attempt":1,"status":"pending","proxy":true}
{"timestamp":"2026-08-08T06:26:41.779Z","level":"INFO","category":"general","message":"[streamingHttp] → GET https://ct.animeheaven.me/subtitle/54faffacd5961ff777ae0489bef65a65.vtt"}
{"timestamp":"2026-08-08T06:26:42.517Z","level":"INFO","category":"stream","message":"get https://co.animeheaven.me/subtitle/54faffacd5961ff777ae0489bef65a65.srt","provider":"animeheaven","attempt":1,"status":"pending","proxy":true}
{"timestamp":"2026-08-08T06:26:42.518Z","level":"INFO","category":"general","message":"[streamingHttp] → GET https://co.animeheaven.me/subtitle/54faffacd5961ff777ae0489bef65a65.srt"}
{"timestamp":"2026-08-08T06:26:44.601Z","level":"INFO","category":"stream","message":"get https://co.animeheaven.me/subtitles/54faffacd5961ff777ae0489bef65a65.srt","provider":"animeheaven","attempt":1,"status":"pending","proxy":true}
{"timestamp":"2026-08-08T06:26:44.602Z","level":"INFO","category":"general","message":"[streamingHttp] → GET https://co.animeheaven.me/subtitles/54faffacd5961ff777ae0489bef65a65.srt"}
{"timestamp":"2026-08-08T06:26:45.250Z","level":"INFO","category":"stream","message":"get https://ct.animeheaven.me/captions/54faffacd5961ff777ae0489bef65a65.vtt","provider":"animeheaven","attempt":1,"status":"pending","proxy":true}
{"timestamp":"2026-08-08T06:26:45.251Z","level":"INFO","category":"general","message":"[streamingHttp] → GET https://ct.animeheaven.me/captions/54faffacd5961ff777ae0489bef65a65.vtt"}
{"timestamp":"2026-08-08T06:26:45.387Z","level":"INFO","category":"stream","message":"get https://co.animeheaven.me/captions/54faffacd5961ff777ae0489bef65a65.srt","provider":"animeheaven","attempt":1,"status":"pending","proxy":true}
{"timestamp":"2026-08-08T06:26:45.387Z","level":"INFO","category":"general","message":"[streamingHttp] → GET https://co.animeheaven.me/captions/54faffacd5961ff777ae0489bef65a65.srt"}
{"timestamp":"2026-08-08T06:26:47.277Z","level":"INFO","category":"stream","message":"get https://co.animeheaven.me/subtitle/54faffacd5961ff777ae0489bef65a65.srt","provider":"animeheaven","attempt":1,"status":"pending","proxy":true}
{"timestamp":"2026-08-08T06:26:47.278Z","level":"INFO","category":"general","message":"[streamingHttp] → GET https://co.animeheaven.me/subtitle/54faffacd5961ff777ae0489bef65a65.srt"}
{"timestamp":"2026-08-08T06:26:47.944Z","level":"INFO","category":"stream","message":"get https://ct.animeheaven.me/subtitles/54faffacd5961ff777ae0489bef65a65.srt","provider":"animeheaven","attempt":1,"status":"pending","proxy":true}
{"timestamp":"2026-08-08T06:26:47.945Z","level":"INFO","category":"general","message":"[streamingHttp] → GET https://ct.animeheaven.me/subtitles/54faffacd5961ff777ae0489bef65a65.srt"}
{"timestamp":"2026-08-08T06:26:49.469Z","level":"INFO","category":"general","message":"[AnimeHeaven] Stream extracted","title":"Naruto","episode":"2","sources":4}
{"timestamp":"2026-08-08T06:26:49.470Z","level":"INFO","category":"general","message":"[ProviderMonitor]","event":"provider_request","provider":"animeheaven","at":"2026-08-08T06:26:49.470Z","method":"extractStreams","success":true,"latencyMs":101639,"activeRequests":2,"cacheCandidateSeenBefore":false,"cacheHitCount":1,"totalRequests":20}
{"timestamp":"2026-08-08T06:26:49.471Z","level":"INFO","category":"stream","message":"✅ animeheaven | \"Naruto\" Ep 2 → success (101640ms)","provider":"animeheaven","anime":"Naruto","episode":"2","attempt":1,"result":"success","httpStatus":0,"timedOut":false,"cloudflareDetected":false,"searchSuccess":true,"streamSuccess":true,"sources":4,"startTime":"2026-08-08T06:25:07.831Z","endTime":"2026-08-08T06:26:49.471Z","latencyMs":101640}
{"timestamp":"2026-08-08T06:26:50.453Z","level":"INFO","category":"stream","message":"get https://co.animeheaven.me/captions/54faffacd5961ff777ae0489bef65a65.srt","provider":"animeheaven","attempt":1,"status":"pending","proxy":true}
{"timestamp":"2026-08-08T06:26:50.453Z","level":"INFO","category":"general","message":"[streamingHttp] → GET https://co.animeheaven.me/captions/54faffacd5961ff777ae0489bef65a65.srt"}
{"timestamp":"2026-08-08T06:26:51.392Z","level":"INFO","category":"stream","message":"get https://ct.animeheaven.me/subtitle/54faffacd5961ff777ae0489bef65a65.srt","provider":"animeheaven","attempt":1,"status":"pending","proxy":true}
{"timestamp":"2026-08-08T06:26:51.393Z","level":"INFO","category":"general","message":"[streamingHttp] → GET https://ct.animeheaven.me/subtitle/54faffacd5961ff777ae0489bef65a65.srt"}
{"timestamp":"2026-08-08T06:26:53.416Z","level":"INFO","category":"general","message":"[AnimeHeaven] Stream extracted","title":"Naruto","episode":"2","sources":4}
{"timestamp":"2026-08-08T06:26:53.416Z","level":"INFO","category":"general","message":"[ProviderMonitor]","event":"provider_request","provider":"animeheaven","at":"2026-08-08T06:26:53.416Z","method":"extractStreams","success":true,"latencyMs":104992,"activeRequests":1,"cacheCandidateSeenBefore":false,"cacheHitCount":1,"totalRequests":20}
{"timestamp":"2026-08-08T06:26:53.417Z","level":"INFO","category":"stream","message":"✅ animeheaven | \"Naruto\" Ep 2 → success (104993ms)","provider":"animeheaven","anime":"Naruto","episode":"2","attempt":1,"result":"success","httpStatus":0,"timedOut":false,"cloudflareDetected":false,"searchSuccess":true,"streamSuccess":true,"sources":4,"startTime":"2026-08-08T06:25:08.424Z","endTime":"2026-08-08T06:26:53.417Z","latencyMs":104993}
{"timestamp":"2026-08-08T06:26:53.623Z","level":"INFO","category":"general","message":"[STREAM_CACHE] SAVE","episodeId":559,"provider":"animeheaven","ttlMin":8,"streamType":"direct"}
{"timestamp":"2026-08-08T06:26:53.624Z","level":"INFO","category":"stream","message":"✅ animeheaven resolved (106456ms)","provider":"animeheaven","result":"winner","duration":106456,"sources":4,"win":true,"winner":"animeheaven","totalDurationMs":106456}
{"timestamp":"2026-08-08T06:26:53.871Z","level":"INFO","category":"stream","message":"✅ animeheaven | \"Naruto\" Ep 2 → success (106456ms)","provider":"animeheaven","anime":"Naruto","episode":"2","result":"success","httpStatus":0,"timedOut":false,"cloudflareDetected":false,"searchSuccess":true,"streamSuccess":true,"sources":4,"bestQuality":"Download Episode 2","startTime":"2026-08-08T06:25:07.168Z","endTime":"2026-08-08T06:26:53.871Z","latencyMs":106456}
{"timestamp":"2026-08-08T06:26:53.872Z","level":"INFO","category":"stream","message":"✅ animeheaven | \"Naruto\" Ep 2 → success (107571ms)","provider":"animeheaven","animeTitle":"Naruto","episode":"2","startTime":"2026-08-08T06:25:06.301Z","endTime":"2026-08-08T06:26:53.872Z","latencyMs":107571,"result":"success","httpStatus":200,"timeoutStatus":false,"cloudflareDetected":false,"searchSuccess":true,"streamSuccess":true,"sourceCount":4,"bestQuality":"Download Episode 2","resolvedFrom":"direct"}
{"timestamp":"2026-08-08T06:26:54.674Z","level":"INFO","category":"stream","message":"get https://ct.animeheaven.me/captions/54faffacd5961ff777ae0489bef65a65.srt","provider":"animeheaven","attempt":1,"status":"pending","proxy":true}
{"timestamp":"2026-08-08T06:26:54.675Z","level":"INFO","category":"general","message":"[streamingHttp] → GET https://ct.animeheaven.me/captions/54faffacd5961ff777ae0489bef65a65.srt"}
{"timestamp":"2026-08-08T06:26:55.320Z","level":"INFO","category":"stream","message":"✅ animeheaven | \"Naruto\" Ep 2 → success (245ms)","provider":"animeheaven","anime":"Naruto","episode":"2","result":"success","httpStatus":0,"timedOut":false,"cloudflareDetected":false,"searchSuccess":true,"streamSuccess":true,"sources":4,"bestQuality":"Download Episode 2","startTime":"2026-08-08T06:26:55.075Z","endTime":"2026-08-08T06:26:55.320Z","latencyMs":245}
{"timestamp":"2026-08-08T06:26:55.320Z","level":"INFO","category":"stream","message":"✅ animeheaven | \"Naruto\" Ep 2 → success (1044ms)","provider":"animeheaven","animeTitle":"Naruto","episode":"2","startTime":"2026-08-08T06:26:54.276Z","endTime":"2026-08-08T06:26:55.320Z","latencyMs":1044,"result":"success","httpStatus":200,"timeoutStatus":false,"cloudflareDetected":false,"searchSuccess":true,"streamSuccess":true,"sourceCount":4,"bestQuality":"Download Episode 2","resolvedFrom":"direct"}
{"timestamp":"2026-08-08T06:26:58.367Z","level":"INFO","category":"general","message":"[AnimeHeaven] Stream extracted","title":"Naruto","episode":"2","sources":4}
{"timestamp":"2026-08-08T06:26:58.367Z","level":"INFO","category":"general","message":"[ProviderMonitor]","event":"provider_request","provider":"animeheaven","at":"2026-08-08T06:26:58.367Z","method":"extractStreams","success":true,"latencyMs":110137,"activeRequests":0,"cacheCandidateSeenBefore":false,"cacheHitCount":1,"totalRequests":20}
{"timestamp":"2026-08-08T06:26:58.368Z","level":"INFO","category":"stream","message":"✅ animeheaven | \"Naruto\" Ep 2 → success (110138ms)","provider":"animeheaven","anime":"Naruto","episode":"2","attempt":1,"result":"success","httpStatus":0,"timedOut":false,"cloudflareDetected":false,"searchSuccess":true,"streamSuccess":true,"sources":4,"startTime":"2026-08-08T06:25:08.230Z","endTime":"2026-08-08T06:26:58.368Z","latencyMs":110138}
{"timestamp":"2026-08-08T06:31:16.865Z","level":"INFO","category":"stream","message":"✅ animeheaven | \"Naruto\" Ep 2 → success (249ms)","provider":"animeheaven","anime":"Naruto","episode":"2","result":"success","httpStatus":0,"timedOut":false,"cloudflareDetected":false,"searchSuccess":true,"streamSuccess":true,"sources":4,"bestQuality":"Download Episode 2","startTime":"2026-08-08T06:31:16.615Z","endTime":"2026-08-08T06:31:16.864Z","latencyMs":249}
{"timestamp":"2026-08-08T06:31:16.866Z","level":"INFO","category":"stream","message":"✅ animeheaven | \"Naruto\" Ep 2 → success (1073ms)","provider":"animeheaven","animeTitle":"Naruto","episode":"2","startTime":"2026-08-08T06:31:15.793Z","endTime":"2026-08-08T06:31:16.866Z","latencyMs":1073,"result":"success","httpStatus":200,"timeoutStatus":false,"cloudflareDetected":false,"searchSuccess":true,"streamSuccess":true,"sourceCount":4,"bestQuality":"Download Episode 2","resolvedFrom":"direct"}
{"timestamp":"2026-08-08T06:31:17.125Z","level":"INFO","category":"stream","message":"get https://ck.animeheaven.me/video.mp4?54faffacd5961ff777ae0489bef65a65&bf360d159340bebd317c4adfbdb0cf03&error2","provider":"animeheaven-proxy","attempt":1,"status":"pending","proxy":false}
{"timestamp":"2026-08-08T06:31:17.128Z","level":"INFO","category":"general","message":"[streamingHttp] → GET https://ck.animeheaven.me/video.mp4?54faffacd5961ff777ae0489bef65a65&bf360d159340bebd317c4adfbdb0cf03&error2"}
{"timestamp":"2026-08-08T06:31:37.517Z","level":"INFO","category":"stream","message":"get https://ck.animeheaven.me/video.mp4?54faffacd5961ff777ae0489bef65a65%26bf360d159340bebd317c4adfbdb0cf03%26error2","provider":"animeheaven-proxy","attempt":1,"status":"pending","proxy":false}
{"timestamp":"2026-08-08T06:31:37.518Z","level":"INFO","category":"general","message":"[streamingHttp] → GET https://ck.animeheaven.me/video.mp4?54faffacd5961ff777ae0489bef65a65%26bf360d159340bebd317c4adfbdb0cf03%26error2"}
{"timestamp":"2026-08-08T06:32:05.082Z","level":"INFO","category":"general","message":"[STREAM_CACHE] EXPIRED","episodeId":558,"provider":"animeheaven"}
{"timestamp":"2026-08-08T06:32:05.283Z","level":"INFO","category":"general","message":"[STREAM_CACHE] EXPIRED","episodeId":558,"provider":"animeheaven"}
{"timestamp":"2026-08-08T06:32:05.286Z","level":"INFO","category":"stream","message":"get https://animeheaven.me","provider":"animeheaven","attempt":1,"status":"pending","proxy":true}
{"timestamp":"2026-08-08T06:32:05.287Z","level":"INFO","category":"general","message":"[streamingHttp] → GET https://animeheaven.me"}
{"timestamp":"2026-08-08T06:32:08.762Z","level":"INFO","category":"general","message":"[streamingHttp] ← 200 https://animeheaven.me (3475ms)"}
{"timestamp":"2026-08-08T06:32:08.764Z","level":"INFO","category":"stream","message":"✅ animeheaven resolved (3478ms)","provider":"animeheaven","attempt":1,"duration":3478,"status":200,"result":"success","timedOut":false,"cloudflareDetected":false}
{"timestamp":"2026-08-08T06:32:08.768Z","level":"INFO","category":"general","message":"[AnimeHeaven] Search started","query":"Naruto"}
{"timestamp":"2026-08-08T06:32:08.769Z","level":"INFO","category":"stream","message":"get https://animeheaven.me/fastsearch.php?xhr=1&s=Naruto","provider":"animeheaven","attempt":1,"status":"pending","proxy":true}
{"timestamp":"2026-08-08T06:32:08.769Z","level":"INFO","category":"general","message":"[streamingHttp] → GET https://animeheaven.me/fastsearch.php?xhr=1&s=Naruto"}
{"timestamp":"2026-08-08T06:32:11.586Z","level":"INFO","category":"general","message":"[streamingHttp] ← 200 https://animeheaven.me/fastsearch.php?xhr=1&s=Naruto (2817ms)"}
{"timestamp":"2026-08-08T06:32:11.588Z","level":"INFO","category":"stream","message":"✅ animeheaven resolved (2819ms)","provider":"animeheaven","attempt":1,"duration":2819,"status":200,"result":"success","timedOut":false,"cloudflareDetected":false}
{"timestamp":"2026-08-08T06:32:11.595Z","level":"INFO","category":"stream","message":"get https://animeheaven.me/search.php?s=Naruto","provider":"animeheaven","attempt":1,"status":"pending","proxy":true}
{"timestamp":"2026-08-08T06:32:11.596Z","level":"INFO","category":"general","message":"[streamingHttp] → GET https://animeheaven.me/search.php?s=Naruto"}
{"timestamp":"2026-08-08T06:32:14.227Z","level":"INFO","category":"general","message":"[streamingHttp] ← 200 https://animeheaven.me/search.php?s=Naruto (2631ms)"}
{"timestamp":"2026-08-08T06:32:14.229Z","level":"INFO","category":"stream","message":"✅ animeheaven resolved (2633ms)","provider":"animeheaven","attempt":1,"duration":2633,"status":200,"result":"success","timedOut":false,"cloudflareDetected":false}
{"timestamp":"2026-08-08T06:32:14.255Z","level":"INFO","category":"stream","message":"get https://animeheaven.me/?s=Naruto","provider":"animeheaven","attempt":1,"status":"pending","proxy":true}
{"timestamp":"2026-08-08T06:32:14.257Z","level":"INFO","category":"general","message":"[streamingHttp] → GET https://animeheaven.me/?s=Naruto"}
{"timestamp":"2026-08-08T06:32:17.898Z","level":"INFO","category":"general","message":"[streamingHttp] ← 200 https://animeheaven.me/?s=Naruto (3641ms)"}
{"timestamp":"2026-08-08T06:32:17.900Z","level":"INFO","category":"stream","message":"✅ animeheaven resolved (3644ms)","provider":"animeheaven","attempt":1,"duration":3644,"status":200,"result":"success","timedOut":false,"cloudflareDetected":false}
{"timestamp":"2026-08-08T06:32:18.182Z","level":"INFO","category":"stream","message":"get https://animeheaven.me/","provider":"animeheaven","attempt":1,"status":"pending","proxy":true}
{"timestamp":"2026-08-08T06:32:18.182Z","level":"INFO","category":"general","message":"[streamingHttp] → GET https://animeheaven.me/"}
{"timestamp":"2026-08-08T06:32:24.940Z","level":"INFO","category":"general","message":"[streamingHttp] ← 200 https://animeheaven.me/ (6758ms)"}
{"timestamp":"2026-08-08T06:32:24.943Z","level":"INFO","category":"stream","message":"✅ animeheaven resolved (6761ms)","provider":"animeheaven","attempt":1,"duration":6761,"status":200,"result":"success","timedOut":false,"cloudflareDetected":false}
{"timestamp":"2026-08-08T06:32:25.221Z","level":"INFO","category":"general","message":"[AnimeHeaven] Search success","query":"Naruto","count":8,"latencyMs":16452}
{"timestamp":"2026-08-08T06:32:25.222Z","level":"INFO","category":"general","message":"[ProviderMonitor]","event":"provider_request","provider":"animeheaven","at":"2026-08-08T06:32:25.222Z","method":"searchAnime","success":true,"latencyMs":16454,"activeRequests":3,"cacheCandidateSeenBefore":true,"cacheHitCount":1,"totalRequests":24}
{"timestamp":"2026-08-08T06:32:25.224Z","level":"INFO","category":"stream","message":"get https://animeheaven.me/anime.php?ukr6y","provider":"animeheaven","attempt":1,"status":"pending","proxy":true}
{"timestamp":"2026-08-08T06:32:25.226Z","level":"INFO","category":"general","message":"[streamingHttp] → GET https://animeheaven.me/anime.php?ukr6y"}
{"timestamp":"2026-08-08T06:32:30.648Z","level":"INFO","category":"general","message":"[streamingHttp] ← 200 https://animeheaven.me/anime.php?ukr6y (5422ms)"}
{"timestamp":"2026-08-08T06:32:30.649Z","level":"INFO","category":"stream","message":"✅ animeheaven resolved (5423ms)","provider":"animeheaven","attempt":1,"duration":5423,"status":200,"result":"success","timedOut":false,"cloudflareDetected":false}
{"timestamp":"2026-08-08T06:32:30.709Z","level":"INFO","category":"general","message":"[ProviderMonitor]","event":"provider_request","provider":"animeheaven","at":"2026-08-08T06:32:30.709Z","method":"getAnimeDetails","success":true,"latencyMs":5485,"activeRequests":3,"cacheCandidateSeenBefore":true,"cacheHitCount":1,"totalRequests":25}
{"timestamp":"2026-08-08T06:32:30.710Z","level":"INFO","category":"stream","message":"get https://animeheaven.me/gate.php","provider":"animeheaven","attempt":1,"status":"pending","proxy":true}
{"timestamp":"2026-08-08T06:32:30.711Z","level":"INFO","category":"general","message":"[streamingHttp] → GET https://animeheaven.me/gate.php"}
{"timestamp":"2026-08-08T06:32:33.703Z","level":"INFO","category":"general","message":"[streamingHttp] ← 200 https://animeheaven.me/gate.php (2992ms)"}
{"timestamp":"2026-08-08T06:32:33.706Z","level":"INFO","category":"stream","message":"✅ animeheaven resolved (2995ms)","provider":"animeheaven","attempt":1,"duration":2995,"status":200,"result":"success","timedOut":false,"cloudflareDetected":false}
{"timestamp":"2026-08-08T06:32:33.709Z","level":"INFO","category":"general","message":"[AnimeHeaven] Episode resolved","anime":"Naruto","episode":1,"hasHtml":true}
{"timestamp":"2026-08-08T06:32:33.710Z","level":"INFO","category":"general","message":"[ProviderMonitor]","event":"provider_request","provider":"animeheaven","at":"2026-08-08T06:32:33.710Z","method":"resolveEpisode","success":true,"latencyMs":28425,"activeRequests":2,"cacheCandidateSeenBefore":true,"cacheHitCount":1,"totalRequests":25}
{"timestamp":"2026-08-08T06:32:33.723Z","level":"INFO","category":"general","message":"[AnimeHeaven] Player resolved","episode":1,"sources":4}
{"timestamp":"2026-08-08T06:32:33.724Z","level":"INFO","category":"general","message":"[ProviderMonitor]","event":"provider_request","provider":"animeheaven","at":"2026-08-08T06:32:33.724Z","method":"resolvePlayer","success":true,"latencyMs":28439,"activeRequests":1,"cacheCandidateSeenBefore":true,"cacheHitCount":1,"totalRequests":25}
{"timestamp":"2026-08-08T06:32:33.733Z","level":"INFO","category":"stream","message":"get https://ck.animeheaven.me/subtitles.vtt?c5fe97dc4862635ffd63a5dc495a26f3&6a31b42553eaca87a2d4dcb6074c8c0d&error2","provider":"animeheaven","attempt":1,"status":"pending","proxy":true}
{"timestamp":"2026-08-08T06:32:33.734Z","level":"INFO","category":"general","message":"[streamingHttp] → GET https://ck.animeheaven.me/subtitles.vtt?c5fe97dc4862635ffd63a5dc495a26f3&6a31b42553eaca87a2d4dcb6074c8c0d&error2"}
{"timestamp":"2026-08-08T06:32:37.819Z","level":"INFO","category":"stream","message":"get https://ck.animeheaven.me/caption.vtt?c5fe97dc4862635ffd63a5dc495a26f3&6a31b42553eaca87a2d4dcb6074c8c0d&error2","provider":"animeheaven","attempt":1,"status":"pending","proxy":true}
{"timestamp":"2026-08-08T06:32:37.820Z","level":"INFO","category":"general","message":"[streamingHttp] → GET https://ck.animeheaven.me/caption.vtt?c5fe97dc4862635ffd63a5dc495a26f3&6a31b42553eaca87a2d4dcb6074c8c0d&error2"}
{"timestamp":"2026-08-08T06:32:40.524Z","level":"INFO","category":"stream","message":"get https://ck.animeheaven.me/subtitle.vtt?c5fe97dc4862635ffd63a5dc495a26f3&6a31b42553eaca87a2d4dcb6074c8c0d&error2","provider":"animeheaven","attempt":1,"status":"pending","proxy":true}
{"timestamp":"2026-08-08T06:32:40.526Z","level":"INFO","category":"general","message":"[streamingHttp] → GET https://ck.animeheaven.me/subtitle.vtt?c5fe97dc4862635ffd63a5dc495a26f3&6a31b42553eaca87a2d4dcb6074c8c0d&error2"}
{"timestamp":"2026-08-08T06:32:43.852Z","level":"INFO","category":"stream","message":"get https://ck.animeheaven.me/video.vtt?c5fe97dc4862635ffd63a5dc495a26f3&6a31b42553eaca87a2d4dcb6074c8c0d&error2","provider":"animeheaven","attempt":1,"status":"pending","proxy":true}
{"timestamp":"2026-08-08T06:32:43.853Z","level":"INFO","category":"general","message":"[streamingHttp] → GET https://ck.animeheaven.me/video.vtt?c5fe97dc4862635ffd63a5dc495a26f3&6a31b42553eaca87a2d4dcb6074c8c0d&error2"}
{"timestamp":"2026-08-08T06:32:46.586Z","level":"INFO","category":"stream","message":"get https://ck.animeheaven.me/subtitles.srt?c5fe97dc4862635ffd63a5dc495a26f3&6a31b42553eaca87a2d4dcb6074c8c0d&error2","provider":"animeheaven","attempt":1,"status":"pending","proxy":true}
{"timestamp":"2026-08-08T06:32:46.587Z","level":"INFO","category":"general","message":"[streamingHttp] → GET https://ck.animeheaven.me/subtitles.srt?c5fe97dc4862635ffd63a5dc495a26f3&6a31b42553eaca87a2d4dcb6074c8c0d&error2"}
{"timestamp":"2026-08-08T06:32:51.120Z","level":"INFO","category":"stream","message":"get https://ck.animeheaven.me/subtitle.srt?c5fe97dc4862635ffd63a5dc495a26f3&6a31b42553eaca87a2d4dcb6074c8c0d&error2","provider":"animeheaven","attempt":1,"status":"pending","proxy":true}
{"timestamp":"2026-08-08T06:32:51.122Z","level":"INFO","category":"general","message":"[streamingHttp] → GET https://ck.animeheaven.me/subtitle.srt?c5fe97dc4862635ffd63a5dc495a26f3&6a31b42553eaca87a2d4dcb6074c8c0d&error2"}
{"timestamp":"2026-08-08T06:32:54.314Z","level":"INFO","category":"stream","message":"get https://ck.animeheaven.me/subtitles/c5fe97dc4862635ffd63a5dc495a26f3.vtt","provider":"animeheaven","attempt":1,"status":"pending","proxy":true}
{"timestamp":"2026-08-08T06:32:54.315Z","level":"INFO","category":"general","message":"[streamingHttp] → GET https://ck.animeheaven.me/subtitles/c5fe97dc4862635ffd63a5dc495a26f3.vtt"}
{"timestamp":"2026-08-08T06:32:56.944Z","level":"INFO","category":"stream","message":"get https://ck.animeheaven.me/subtitle/c5fe97dc4862635ffd63a5dc495a26f3.vtt","provider":"animeheaven","attempt":1,"status":"pending","proxy":true}
{"timestamp":"2026-08-08T06:32:56.945Z","level":"INFO","category":"general","message":"[streamingHttp] → GET https://ck.animeheaven.me/subtitle/c5fe97dc4862635ffd63a5dc495a26f3.vtt"}
{"timestamp":"2026-08-08T06:33:00.408Z","level":"INFO","category":"stream","message":"get https://ck.animeheaven.me/captions/c5fe97dc4862635ffd63a5dc495a26f3.vtt","provider":"animeheaven","attempt":1,"status":"pending","proxy":true}
{"timestamp":"2026-08-08T06:33:00.409Z","level":"INFO","category":"general","message":"[streamingHttp] → GET https://ck.animeheaven.me/captions/c5fe97dc4862635ffd63a5dc495a26f3.vtt"}
{"timestamp":"2026-08-08T06:33:03.664Z","level":"INFO","category":"stream","message":"get https://ck.animeheaven.me/subtitles/c5fe97dc4862635ffd63a5dc495a26f3.srt","provider":"animeheaven","attempt":1,"status":"pending","proxy":true}
{"timestamp":"2026-08-08T06:33:03.665Z","level":"INFO","category":"general","message":"[streamingHttp] → GET https://ck.animeheaven.me/subtitles/c5fe97dc4862635ffd63a5dc495a26f3.srt"}
{"timestamp":"2026-08-08T06:33:06.438Z","level":"INFO","category":"stream","message":"get https://ck.animeheaven.me/subtitle/c5fe97dc4862635ffd63a5dc495a26f3.srt","provider":"animeheaven","attempt":1,"status":"pending","proxy":true}
{"timestamp":"2026-08-08T06:33:06.440Z","level":"INFO","category":"general","message":"[streamingHttp] → GET https://ck.animeheaven.me/subtitle/c5fe97dc4862635ffd63a5dc495a26f3.srt"}
{"timestamp":"2026-08-08T06:33:09.051Z","level":"INFO","category":"stream","message":"get https://ck.animeheaven.me/captions/c5fe97dc4862635ffd63a5dc495a26f3.srt","provider":"animeheaven","attempt":1,"status":"pending","proxy":true}
{"timestamp":"2026-08-08T06:33:09.053Z","level":"INFO","category":"general","message":"[streamingHttp] → GET https://ck.animeheaven.me/captions/c5fe97dc4862635ffd63a5dc495a26f3.srt"}
{"timestamp":"2026-08-08T06:33:12.909Z","level":"INFO","category":"stream","message":"get https://ct.animeheaven.me/subtitles.vtt?c5fe97dc4862635ffd63a5dc495a26f3&6a31b42553eaca87a2d4dcb6074c8c0d&error","provider":"animeheaven","attempt":1,"status":"pending","proxy":true}
{"timestamp":"2026-08-08T06:33:12.910Z","level":"INFO","category":"general","message":"[streamingHttp] → GET https://ct.animeheaven.me/subtitles.vtt?c5fe97dc4862635ffd63a5dc495a26f3&6a31b42553eaca87a2d4dcb6074c8c0d&error"}
{"timestamp":"2026-08-08T06:33:16.130Z","level":"INFO","category":"stream","message":"get https://ct.animeheaven.me/caption.vtt?c5fe97dc4862635ffd63a5dc495a26f3&6a31b42553eaca87a2d4dcb6074c8c0d&error","provider":"animeheaven","attempt":1,"status":"pending","proxy":true}
{"timestamp":"2026-08-08T06:33:16.131Z","level":"INFO","category":"general","message":"[streamingHttp] → GET https://ct.animeheaven.me/caption.vtt?c5fe97dc4862635ffd63a5dc495a26f3&6a31b42553eaca87a2d4dcb6074c8c0d&error"}
{"timestamp":"2026-08-08T06:33:22.848Z","level":"INFO","category":"stream","message":"get https://ct.animeheaven.me/subtitle.vtt?c5fe97dc4862635ffd63a5dc495a26f3&6a31b42553eaca87a2d4dcb6074c8c0d&error","provider":"animeheaven","attempt":1,"status":"pending","proxy":true}
{"timestamp":"2026-08-08T06:33:22.849Z","level":"INFO","category":"general","message":"[streamingHttp] → GET https://ct.animeheaven.me/subtitle.vtt?c5fe97dc4862635ffd63a5dc495a26f3&6a31b42553eaca87a2d4dcb6074c8c0d&error"}
{"timestamp":"2026-08-08T06:33:27.019Z","level":"INFO","category":"stream","message":"get https://ct.animeheaven.me/video.vtt?c5fe97dc4862635ffd63a5dc495a26f3&6a31b42553eaca87a2d4dcb6074c8c0d&error","provider":"animeheaven","attempt":1,"status":"pending","proxy":true}
{"timestamp":"2026-08-08T06:33:27.021Z","level":"INFO","category":"general","message":"[streamingHttp] → GET https://ct.animeheaven.me/video.vtt?c5fe97dc4862635ffd63a5dc495a26f3&6a31b42553eaca87a2d4dcb6074c8c0d&error"}
{"timestamp":"2026-08-08T06:33:30.018Z","level":"INFO","category":"stream","message":"get https://ct.animeheaven.me/subtitles.srt?c5fe97dc4862635ffd63a5dc495a26f3&6a31b42553eaca87a2d4dcb6074c8c0d&error","provider":"animeheaven","attempt":1,"status":"pending","proxy":true}
{"timestamp":"2026-08-08T06:33:30.020Z","level":"INFO","category":"general","message":"[streamingHttp] → GET https://ct.animeheaven.me/subtitles.srt?c5fe97dc4862635ffd63a5dc495a26f3&6a31b42553eaca87a2d4dcb6074c8c0d&error"}
{"timestamp":"2026-08-08T06:33:33.616Z","level":"INFO","category":"stream","message":"get https://ct.animeheaven.me/subtitle.srt?c5fe97dc4862635ffd63a5dc495a26f3&6a31b42553eaca87a2d4dcb6074c8c0d&error","provider":"animeheaven","attempt":1,"status":"pending","proxy":true}
{"timestamp":"2026-08-08T06:33:33.616Z","level":"INFO","category":"general","message":"[streamingHttp] → GET https://ct.animeheaven.me/subtitle.srt?c5fe97dc4862635ffd63a5dc495a26f3&6a31b42553eaca87a2d4dcb6074c8c0d&error"}
{"timestamp":"2026-08-08T06:33:38.127Z","level":"INFO","category":"stream","message":"get https://ct.animeheaven.me/subtitles/c5fe97dc4862635ffd63a5dc495a26f3.vtt","provider":"animeheaven","attempt":1,"status":"pending","proxy":true}
{"timestamp":"2026-08-08T06:33:38.128Z","level":"INFO","category":"general","message":"[streamingHttp] → GET https://ct.animeheaven.me/subtitles/c5fe97dc4862635ffd63a5dc495a26f3.vtt"}
{"timestamp":"2026-08-08T06:33:45.071Z","level":"INFO","category":"stream","message":"get https://ct.animeheaven.me/subtitle/c5fe97dc4862635ffd63a5dc495a26f3.vtt","provider":"animeheaven","attempt":1,"status":"pending","proxy":true}
{"timestamp":"2026-08-08T06:33:45.072Z","level":"INFO","category":"general","message":"[streamingHttp] → GET https://ct.animeheaven.me/subtitle/c5fe97dc4862635ffd63a5dc495a26f3.vtt"}
{"timestamp":"2026-08-08T06:33:48.204Z","level":"INFO","category":"stream","message":"get https://ct.animeheaven.me/captions/c5fe97dc4862635ffd63a5dc495a26f3.vtt","provider":"animeheaven","attempt":1,"status":"pending","proxy":true}
{"timestamp":"2026-08-08T06:33:48.205Z","level":"INFO","category":"general","message":"[streamingHttp] → GET https://ct.animeheaven.me/captions/c5fe97dc4862635ffd63a5dc495a26f3.vtt"}
{"timestamp":"2026-08-08T06:33:52.920Z","level":"INFO","category":"stream","message":"get https://ct.animeheaven.me/subtitles/c5fe97dc4862635ffd63a5dc495a26f3.srt","provider":"animeheaven","attempt":1,"status":"pending","proxy":true}
{"timestamp":"2026-08-08T06:33:52.920Z","level":"INFO","category":"general","message":"[streamingHttp] → GET https://ct.animeheaven.me/subtitles/c5fe97dc4862635ffd63a5dc495a26f3.srt"}
{"timestamp":"2026-08-08T06:33:57.129Z","level":"INFO","category":"stream","message":"get https://ct.animeheaven.me/subtitle/c5fe97dc4862635ffd63a5dc495a26f3.srt","provider":"animeheaven","attempt":1,"status":"pending","proxy":true}
{"timestamp":"2026-08-08T06:33:57.131Z","level":"INFO","category":"general","message":"[streamingHttp] → GET https://ct.animeheaven.me/subtitle/c5fe97dc4862635ffd63a5dc495a26f3.srt"}
{"timestamp":"2026-08-08T06:34:00.206Z","level":"INFO","category":"stream","message":"get https://ct.animeheaven.me/captions/c5fe97dc4862635ffd63a5dc495a26f3.srt","provider":"animeheaven","attempt":1,"status":"pending","proxy":true}
{"timestamp":"2026-08-08T06:34:00.208Z","level":"INFO","category":"general","message":"[streamingHttp] → GET https://ct.animeheaven.me/captions/c5fe97dc4862635ffd63a5dc495a26f3.srt"}
{"timestamp":"2026-08-08T06:34:02.782Z","level":"INFO","category":"general","message":"[AnimeHeaven] Stream extracted","title":"Naruto","episode":"1","sources":4}
{"timestamp":"2026-08-08T06:34:02.783Z","level":"INFO","category":"general","message":"[ProviderMonitor]","event":"provider_request","provider":"animeheaven","at":"2026-08-08T06:34:02.783Z","method":"extractStreams","success":true,"latencyMs":117498,"activeRequests":0,"cacheCandidateSeenBefore":true,"cacheHitCount":1,"totalRequests":25}
{"timestamp":"2026-08-08T06:34:02.783Z","level":"INFO","category":"stream","message":"✅ animeheaven | \"Naruto\" Ep 1 → success (117498ms)","provider":"animeheaven","anime":"Naruto","episode":"1","attempt":1,"result":"success","httpStatus":0,"timedOut":false,"cloudflareDetected":false,"searchSuccess":true,"streamSuccess":true,"sources":4,"startTime":"2026-08-08T06:32:05.285Z","endTime":"2026-08-08T06:34:02.783Z","latencyMs":117498}
{"timestamp":"2026-08-08T06:34:02.996Z","level":"INFO","category":"general","message":"[STREAM_CACHE] SAVE","episodeId":558,"provider":"animeheaven","ttlMin":8,"streamType":"direct"}
{"timestamp":"2026-08-08T06:34:02.997Z","level":"INFO","category":"stream","message":"✅ animeheaven resolved (118364ms)","provider":"animeheaven","result":"winner","duration":118364,"sources":4,"win":true,"winner":"animeheaven","totalDurationMs":118364}
{"timestamp":"2026-08-08T06:34:03.249Z","level":"INFO","category":"stream","message":"✅ animeheaven | \"Naruto\" Ep 1 → success (118364ms)","provider":"animeheaven","anime":"Naruto","episode":"1","result":"success","httpStatus":0,"timedOut":false,"cloudflareDetected":false,"searchSuccess":true,"streamSuccess":true,"sources":4,"bestQuality":"Download Episode 1","startTime":"2026-08-08T06:32:04.633Z","endTime":"2026-08-08T06:34:03.249Z","latencyMs":118364}
{"timestamp":"2026-08-08T06:34:03.249Z","level":"INFO","category":"stream","message":"✅ animeheaven | \"Naruto\" Ep 1 → success (119447ms)","provider":"animeheaven","animeTitle":"Naruto","episode":"1","startTime":"2026-08-08T06:32:03.802Z","endTime":"2026-08-08T06:34:03.249Z","latencyMs":119447,"result":"success","httpStatus":200,"timeoutStatus":false,"cloudflareDetected":false,"searchSuccess":true,"streamSuccess":true,"sourceCount":4,"bestQuality":"Download Episode 1","resolvedFrom":"direct"}
{"timestamp":"2026-08-08T06:47:32.630Z","level":"INFO","category":"general","message":"[STREAM_CACHE] SWEEP","deleted":2}
